// ============================================================
// NodoTierra_TodoEnUno.ino -- Boya Ecologica - Semillero ITM
// ============================================================
// Version de UN SOLO ARCHIVO: copia y pega todo esto en un sketch
// nuevo y vacio de Arduino IDE.
//
// COMPILADO Y VERIFICADO SIN ERRORES contra AMBOS cores:
//   Core esp32:esp32 2.0.9 (ESP-IDF 4)
//   Core esp32:esp32 3.0.7 (ESP-IDF 5) <- el mas comun hoy en Arduino IDE
//   arduino-cli 1.5.1
//   Adafruit GFX 1.12.6 + Adafruit BusIO 1.17.4
//   Adafruit ST7735 and ST7789 Library 1.11.0
//
// El codigo detecta automaticamente cual core tienes instalado y
// usa la firma correcta del callback de ESP-NOW en cada caso --
// no hace falta que edites nada por este tema.
//
// LIBRERIAS A INSTALAR (Arduino IDE > Administrar bibliotecas):
//   - Adafruit GFX Library
//   - Adafruit ST7735 and ST7789 Library
//
// PLACA: ESP32 Dev Module (DOIT ESP32 DevKit V1, 30 pines)
// MAC Boya:   38:18:2b:8a:a8:88
// MAC Tierra: f0:24:f9:43:5d:a4
// ============================================================

#include <Arduino.h>
#include <pgmspace.h>
#include <SPI.h>
#include <Adafruit_GFX.h>
#include <Adafruit_ST7735.h>
#include <WiFi.h>
#include <WiFiMulti.h>
#include <esp_now.h>
#include <esp_idf_version.h>
#include <SD.h>
#include <WiFiClientSecure.h>
#include <HTTPClient.h>

// ======================================================================
// MAPA DE PINES  (fuente: pines.h)
// ======================================================================


// ---------- Pantalla TFT 1.8" 128x160 (driver ST7735) ----------
#define TFT_CS    21   // C20 -> F13  (verde)
#define TFT_DC    22   // C23 -> F12  (cafe)
#define TFT_RST    5   // C17 -> F11  (naranja)
#define TFT_SCK   18   // C18 -> F9   (azul, bus compartido)
#define TFT_MOSI  23   // C24 -> F10  (morado, bus compartido)
// BL (backlight) va cableado directo a 3.3V - no usa GPIO

// ---------- microSD (adaptador 6 pines) ----------
#define SD_CS     4    // C14 -> F28  (verde)
#define SD_SCK    18   // C18 -> F27  (azul, bus compartido con TFT)
#define SD_MOSI   23   // C24 -> F26  (morado, bus compartido con TFT)
#define SD_MISO   19   // C19 -> F25  (amarillo, exclusivo de la SD)

// ---------- Botones (fila derecha, VIN...EN) ----------
#define BTN_UP    13   // D13 - navegar arriba / incrementar valor
#define BTN_DOWN  12   // D12 - navegar abajo / decrementar valor
#define BTN_OK    14   // D14 - confirmar / entrar al submenu
#define BTN_BACK  27   // D27 - atras / cancelar

// ---------- Buzzer (alertas / encendido) ----------
#define PIN_BUZZER 26  // GPIO libre, mismo lado fisico que los botones
                       // (pegado a BTN_BACK=27), para no cruzar cableado
                       // hacia el lado de la pantalla/SD.
                       // Si el buzzer consume mas de ~20 mA, no conectarlo
                       // directo al GPIO: usar un transistor NPN (BC547)
                       // como driver, igual que los reles del Nodo Boya.
#define BUZZER_CLIC_BOTONES true  // true = bip corto en cada boton valido

// ---------- Reservados / no usar en este firmware ----------
// GPIO15, GPIO2  -> libres (reserva futura)
// GPIO16 (RX2), GPIO17 (TX2) -> libres (reserva futura)
// GPIO3 (RX0), GPIO1 (TX0)   -> UART0, exclusivos del USB, NO tocar

// ---------- Parametros generales ----------
#define DEBOUNCE_MS       180   // antirrebote por software para los 4 botones
#define PANTALLA_ANCHO    128   // vertical (portrait): ancho menor que el alto
#define PANTALLA_ALTO     160

// ---------- Modo prueba (usar el Nodo Tierra solo, sin la Boya) ----------
// Mantener presionado BTN_OK mientras se enciende/reinicia la placa para
// entrar en este modo. Genera telemetria simulada localmente para poder
// probar pantallas, menus y botones mientras se termina de configurar
// el Nodo Boya. No modifica nada del bloque ESP-NOW: la logica real de
// enlace, envio y recepcion sigue exactamente igual.
static bool g_modoPrueba = false;

// ======================================================================
// ESTRUCTURAS COMPARTIDAS (Nodo Tierra <-> Nodo Boya)  (fuente: comun.h)
// ======================================================================


// Protocolos de muestreo (deben coincidir con el firmware de la Boya)
enum Protocolo : uint8_t {
  PROTOCOLO_P1_AUTOMATICO   = 1,  // por tiempo y profundidad variable
  PROTOCOLO_P2_CONFIGURABLE = 2,  // definido por el investigador
  PROTOCOLO_P3_REACTIVO     = 3,  // disparado por umbrales
};

// Banderas de error / estado (bit a bit)
#define ERR_BATERIA_BAJA     (1 << 0)
#define ERR_SENSOR_PH        (1 << 1)
#define ERR_SENSOR_OD        (1 << 2)
#define ERR_SENSOR_COND      (1 << 3)
#define ERR_SENSOR_TURBIDEZ  (1 << 4)
#define ERR_ASCENSOR_ATASCO  (1 << 5)
#define ERR_ESPNOW_PERDIDA   (1 << 6)

// ---- Bitmask de estado_dispositivos: 1=OK/conectado, 0=falla o no verificado ----
// (debe coincidir exactamente con NodoBoya_TodoEnUno.ino)
#define BIT_ASCENSOR_OK        (1 << 0)
#define BIT_BOMBA_PURGA_OK     (1 << 1)
#define BIT_BOMBA_MUESTREO_OK  (1 << 2)
#define BIT_SENSOR_PH_OK       (1 << 3)
#define BIT_SENSOR_COND_OK     (1 << 4)
#define BIT_SENSOR_TURBIDEZ_OK (1 << 5)
#define BIT_SENSOR_TEMP_OK     (1 << 6)
#define BIT_US1_OK              (1 << 7)   // columna total
#define BIT_US2_OK              (1 << 8)   // calado boya
#define BIT_US3_OK              (1 << 9)   // posicion carro

// Fase actual de la FSM de la Boya (campo estado_fsm) -- debe coincidir
// exactamente con el orden del enum EstadoBoya en NodoBoya_TodoEnUno.ino
#define ESTADO_FSM_MEDIR_COLUMNA     0
#define ESTADO_FSM_BAJAR             1
#define ESTADO_FSM_ESTABILIZAR       2
#define ESTADO_FSM_LEER_SONDA        3
#define ESTADO_FSM_PURGAR            4
#define ESTADO_FSM_LLENAR_RECIPIENTE 5
#define ESTADO_FSM_SUBIR_HOME        6
#define ESTADO_FSM_REGISTRAR_ENVIAR  7
#define ESTADO_FSM_ERROR             8

// ---------- Telemetria que envia la Boya al Nodo Tierra ----------
// IMPORTANTE: debe coincidir byte a byte con DatosBoya_t en
// NodoBoya_TodoEnUno.ino, incluyendo el orden de los campos.
typedef struct __attribute__((packed)) {
  uint32_t timestamp;        // epoch (segundos)
  float    latitud;
  float    longitud;
  float    profundidad_cm;
  float    ph;
  float    conductividad_us; // µS/cm
  float    oxigeno_disuelto; // mg/L (sensor no instalado todavia, siempre 0)
  float    turbidez_ntu;
  float    temperatura_c;
  uint8_t  bateria_pct;      // 0-100 (banco de pruebas: fijo en 100)
  uint8_t  protocolo_activo; // ver enum Protocolo
  uint8_t  muestras_ciclo;   // cuantas pasadas se hicieron al recipiente
  uint16_t error_flags;      // ver ERR_*
  uint16_t paquetes_perdidos;// contador para verificar RNF-03 (<5% a 50 m)
  // ---- Campos v2 (agregados al final, ver NodoBoya_TodoEnUno.ino) ----
  float    columna_total_cm; // US1: profundidad total del cuerpo de agua
  float    calado_boya_cm;   // US2: calado de la boya
  float    pos_carro_cm;     // US3: posicion del carro del ascensor
  uint16_t estado_dispositivos; // bitmask BIT_*
  // ---- Campos v3 (trazado del lecho / plano cartesiano) ----
  float    gps_avance_m;     // avance horizontal (metros) -- simulado hasta
                              // que se instale el modulo GPS real
  uint8_t  estado_fsm;       // fase actual del ciclo en la Boya (ver FSM_* )
} DatosBoya_t;

// ---------- Comando que el Nodo Tierra envia a la Boya ----------
typedef struct __attribute__((packed)) {
  uint8_t  comando;           // 1=cambiar protocolo, 2=iniciar ciclo manual
  uint8_t  protocolo_nuevo;   // Protocolo deseado (si comando==1)
  uint8_t  num_puntos_prof;   // P2: cuantos puntos de profundidad (1-5)
  uint16_t profundidades_cm[5]; // P2: hasta 5 profundidades en cm
  uint8_t  muestras_por_ciclo;// P2: 1-5 frascos por ciclo
} ComandoTierra_t;

// Direccion MAC del Nodo Boya (confirmada por el usuario)
static uint8_t MAC_NODO_BOYA[6] = {0x38, 0x18, 0x2B, 0x8A, 0xA8, 0x88};

// Referencia: MAC de este mismo Nodo Tierra (usala en el firmware de la
// Boya para que ella tambien pueda enviarte comandos/confirmaciones a ti):
// f0:24:f9:43:5d:a4

// ======================================================================
// PICTOGRAMAS 16x16  (fuente: iconos.h)
// ======================================================================


// ---------- Reloj (Protocolo 1 · automatico por tiempo/profundidad) ----------
static const uint8_t PROGMEM icono_reloj[16] = {
  0b00111100,
  0b01000010,
  0b10000001,
  0b10010001,
  0b10010001,
  0b10011001,
  0b10000001,
  0b10000001,
  0b10000001,
  0b01000010,
  0b00111100,
  0b00000000,
  0b00000000,
  0b00000000,
  0b00000000,
  0b00000000,
};

// ---------- Deslizadores (Protocolo 2 · configurable) ----------
static const uint8_t PROGMEM icono_config[16] = {
  0b00000000,
  0b00111100,
  0b00100100,
  0b11100100,
  0b00100100,
  0b00000000,
  0b01111000,
  0b01001000,
  0b01001110,
  0b01001000,
  0b00000000,
  0b00110110,
  0b00100100,
  0b11100100,
  0b00100100,
  0b00000000,
};

// ---------- Campana (Protocolo 3 · reactivo por eventos) ----------
static const uint8_t PROGMEM icono_alerta[16] = {
  0b00011000,
  0b00100100,
  0b00100100,
  0b01000010,
  0b01000010,
  0b01000010,
  0b01000010,
  0b10000001,
  0b11111111,
  0b00011000,
  0b00011000,
  0b00000000,
  0b00000000,
  0b00000000,
  0b00000000,
  0b00000000,
};

// ---------- Antena / ESP-NOW (transmision con la Boya) ----------
static const uint8_t PROGMEM icono_enlace[16] = {
  0b00000000,
  0b00011000,
  0b00100100,
  0b01000010,
  0b10011001,
  0b00100100,
  0b00011000,
  0b00011000,
  0b00011000,
  0b00011000,
  0b00011000,
  0b00000000,
  0b00000000,
  0b00000000,
  0b00000000,
  0b00000000,
};

// ---------- Tarjeta SD (almacenamiento local) ----------
static const uint8_t PROGMEM icono_sd[16] = {
  0b01111110,
  0b10000101,
  0b10000101,
  0b10000101,
  0b11111111,
  0b10000001,
  0b10011001,
  0b10011001,
  0b10011001,
  0b10011001,
  0b11111111,
  0b00000000,
  0b00000000,
  0b00000000,
  0b00000000,
  0b00000000,
};

// ---------- Nube (subida de datos) ----------
static const uint8_t PROGMEM icono_nube[16] = {
  0b00000000,
  0b00011100,
  0b00100010,
  0b01111100,
  0b10000010,
  0b10000010,
  0b01111100,
  0b00000000,
  0b00000000,
  0b00000000,
  0b00000000,
  0b00000000,
  0b00000000,
  0b00000000,
  0b00000000,
  0b00000000,
};

// ---------- Bateria (nivel de la Boya, telemetria) ----------
static const uint8_t PROGMEM icono_bateria[16] = {
  0b01111100,
  0b11111110,
  0b10000011,
  0b10000011,
  0b10000011,
  0b10000011,
  0b11111110,
  0b01111100,
  0b00000000,
  0b00000000,
  0b00000000,
  0b00000000,
  0b00000000,
  0b00000000,
  0b00000000,
  0b00000000,
};

// ======================================================================
// ESCUDOS - bitmaps RGB565 84x84 (agrandados, version 2)
// entregadas por el usuario: Universidad Libre e Ingenieria Industrial)
// ======================================================================
#define LOGO_LADO 84

static const uint16_t PROGMEM logo_universidad_libre[84 * 84] = {
  0xFFFF,0xFFFF,0xFFFF,0xFFFF,0xFFFF,0xFFFF,0xFFFF,0xFFFF,0xFFFF,0xFFFF,0xFFFF,0xFFFF,0xFFFF,0xFFFF,
  0xFFFF,0xFFFF,0xFFFF,0xFFFF,0xFFFF,0xFFFF,0xFFFF,0xFFFF,0xFFFF,0xFFFF,0xFFFF,0xFFFF,0xFFFF,0xFFFE,
  0xFFFE,0xFFFF,0xFFFF,0xFFFF,0xFFDD,0xF758,0xE6B3,0xD64E,0xCDE9,0xC5A7,0xC566,0xC545,0xBD24,0xBD24,
  0xBD44,0xBD44,0xC545,0xC545,0xC566,0xC5A7,0xCE0B,0xDE71,0xEEF5,0xF77A,0xFFFE,0xFFFF,0xFFFF,0xFFFF,
  0xFFFE,0xFFFE,0xFFFF,0xFFFF,0xFFFF,0xFFFF,0xFFFF,0xFFFF,0xFFFF,0xFFFF,0xFFFF,0xFFFF,0xFFFF,0xFFFF,
  0xFFFF,0xFFFF,0xFFFF,0xFFFF,0xFFFF,0xFFFF,0xFFFF,0xFFFF,0xFFFF,0xFFFF,0xFFFF,0xFFFF,0xFFFF,0xFFFF,
  0xFFFF,0xFFFF,0xFFFF,0xFFFF,0xFFFF,0xFFFF,0xFFFF,0xFFFF,0xFFFF,0xFFFF,0xFFFF,0xFFFF,0xFFFF,0xFFFF,
  0xFFFF,0xFFFF,0xFFFF,0xFFFF,0xFFFF,0xFFFF,0xFFFF,0xFFFF,0xFFFF,0xFFFF,0xFFFE,0xFFDF,0xFFDF,0xFFFF,
  0xFFFF,0xF77C,0xE6D4,0xD62C,0xC588,0xC523,0xC4E2,0xBCA3,0xAC63,0xA422,0x9BE2,0x93A2,0x8B62,0x8B42,
  0x8B42,0x8B42,0x8B62,0x93A2,0xA3E2,0xA443,0xB483,0xBCC2,0xC502,0xC544,0xCDCA,0xDE70,0xEF38,0xFFDE,
  0xFFFF,0xFFFF,0xFFFF,0xF7FE,0xFFFF,0xFFFF,0xFFFF,0xFFFF,0xFFFF,0xFFFF,0xFFFF,0xFFFF,0xFFFF,0xFFFF,
  0xFFFF,0xFFFF,0xFFFF,0xFFFF,0xFFFF,0xFFFF,0xFFFF,0xFFFF,0xFFFF,0xFFFF,0xFFFF,0xFFFF,0xFFFF,0xFFFF,
  0xFFFF,0xFFFF,0xFFFF,0xFFFF,0xFFFF,0xFFFF,0xFFFF,0xFFFF,0xFFFF,0xFFFF,0xFFFF,0xFFFF,0xFFFF,0xFFFF,
  0xFFFF,0xFFFF,0xFFFF,0xFFFF,0xFFFF,0xFFFF,0xFFFF,0xFFFF,0xFFFF,0xFFFF,0xFFFF,0xFFFF,0xFFDB,0xE715,
  0xCDEC,0xC524,0xBCE3,0xB462,0xA3C2,0x7B23,0x5A43,0x4182,0x3102,0x20A2,0x18A2,0x1062,0x0001,0x0001,
  0x0802,0x1083,0x1083,0x18A2,0x20A2,0x28C1,0x3941,0x5202,0x6AC2,0x9383,0xAC22,0xBCC0,0xC502,0xCD88,
  0xD670,0xEF59,0xFFFF,0xFFFF,0xFFFE,0xFFFF,0xFFFF,0xFFFF,0xFFFF,0xFFFF,0xFFFF,0xFFFF,0xFFFF,0xFFFF,
  0xFFFF,0xFFFF,0xFFFF,0xFFFF,0xFFFF,0xFFFF,0xFFFF,0xFFFF,0xFFFF,0xFFFF,0xFFFF,0xFFFF,0xFFFF,0xFFFF,
  0xFFFF,0xFFFF,0xFFFF,0xFFFF,0xFFFF,0xFFFF,0xFFFF,0xFFFF,0xFFFF,0xFFFF,0xFFFF,0xFFFF,0xFFFF,0xFFFF,
  0xFFFF,0xFFFF,0xFFFF,0xFFFF,0xFFFF,0xFFFF,0xFFFF,0xFFFF,0xFFFF,0xFFFF,0xFF9B,0xDE71,0xC566,0xC502,
  0xB461,0x8BA2,0x6283,0x3142,0x1060,0x0821,0x1083,0x10A3,0x2124,0x2966,0x10A3,0x3187,0x6B8E,0x73CF,
  0x5ACB,0x18C3,0x18C3,0x10C4,0x10C3,0x2146,0x10C4,0x1082,0x1083,0x10A1,0x20E1,0x4A03,0x7B42,0xA442,
  0xB4C1,0xBD23,0xCDEB,0xEEF7,0xFFFF,0xFFFF,0xFFDF,0xFFFF,0xFFFF,0xFFFF,0xFFFF,0xFFFF,0xFFFF,0xFFFF,
  0xFFFF,0xFFFF,0xFFFF,0xFFFF,0xFFFF,0xFFFF,0xFFFF,0xFFFF,0xFFFF,0xFFFF,0xFFFF,0xFFFF,0xFFFF,0xFFFF,
  0xFFFF,0xFFFF,0xFFFF,0xFFFF,0xFFFF,0xFFFF,0xFFFF,0xFFFF,0xFFFF,0xFFFF,0xFFFF,0xFFFF,0xFFFF,0xFFFF,
  0xFFFF,0xFFFF,0xFFFF,0xFFFF,0xFFFF,0xFFFF,0xFFFF,0xFFFF,0xFFBB,0xDE71,0xC546,0xBCE2,0x9C42,0x7303,
  0x4163,0x10A2,0x0861,0x0882,0x4A8A,0x4A69,0x1082,0x10A2,0xC638,0xC638,0x0020,0x630C,0xFFFF,0xD6BA,
  0xFFDF,0x8C30,0x0861,0x10A2,0x4208,0xEF7D,0xCE7A,0x3186,0x10A2,0x18E3,0x1904,0x0001,0x0020,0x2102,
  0x5A23,0x8BC2,0xB4A1,0xBCE3,0xCDAA,0xEF37,0xFFFF,0xFFFF,0xFFFE,0xFFFF,0xFFFF,0xFFFF,0xFFFF,0xFFFF,
  0xFFFF,0xFFFF,0xFFFF,0xFFFF,0xFFFF,0xFFFF,0xFFFF,0xFFFF,0xFFFF,0xFFFF,0xFFFF,0xFFFF,0xFFFF,0xFFFF,
  0xFFFF,0xFFFF,0xFFFF,0xFFFF,0xFFFF,0xFFFF,0xFFFF,0xFFFF,0xFFFF,0xFFFF,0xFFFF,0xFFFF,0xFFFF,0xFFFF,
  0xFFFF,0xFFFF,0xFFFF,0xFFFF,0xFFFF,0xFFFF,0xFFFF,0xE6B3,0xC564,0xBCC2,0x9C24,0x6283,0x28C2,0x0801,
  0x1082,0x18C3,0x18E3,0xAD55,0xEF5D,0xFFFF,0x7BCF,0x0000,0xC618,0xEF5D,0x0861,0x52AA,0xFFFF,0x4A69,
  0xBDD7,0xDEFB,0x10A2,0x0841,0x9492,0xFFDF,0xF79E,0x39E8,0x0841,0x39C7,0xDEDB,0xB5B6,0x4A69,0x0862,
  0x1863,0x2083,0x4983,0x8362,0xB4A2,0xC502,0xD5EC,0xF77C,0xFFFF,0xFFFF,0xFFFF,0xFFFF,0xFFFF,0xFFFF,
  0xFFFF,0xFFFF,0xFFFF,0xFFFF,0xFFFF,0xFFFF,0xFFFF,0xFFFF,0xFFFF,0xFFFF,0xFFFF,0xFFFF,0xFFFF,0xFFFF,
  0xFFFF,0xFFFF,0xFFFF,0xFFFF,0xFFFF,0xFFFF,0xFFFF,0xFFFF,0xFFFF,0xFFFF,0xFFFF,0xFFFF,0xFFFF,0xFFFF,
  0xFFFF,0xFFFF,0xFFFF,0xFFDF,0xFFFF,0xF798,0xCDC9,0xBCE2,0xAC44,0x6AA3,0x20C2,0x0000,0x18C4,0x526A,
  0x3186,0x0841,0x41E8,0xFFFF,0x7BCF,0x8C71,0x738E,0x0020,0x9CD3,0xFFFF,0x18E3,0x528A,0xFFFF,0x52AA,
  0xB596,0xE71C,0x10A2,0x18E3,0xDEFB,0xB596,0xE73D,0x4228,0x0020,0x7BCF,0xFFFF,0xBDF7,0xF7BE,0x5ACA,
  0x1081,0x18E4,0x1883,0x1862,0x41A3,0x93A4,0xBCC1,0xBD24,0xE693,0xFFFE,0xFFFF,0xFFFF,0xFFFF,0xFFFF,
  0xFFFF,0xFFFF,0xFFFF,0xFFFF,0xFFFF,0xFFFF,0xFFFF,0xFFFF,0xFFFF,0xFFFF,0xFFFF,0xFFFF,0xFFFF,0xFFFF,
  0xFFFF,0xFFFF,0xFFFF,0xFFFF,0xFFFF,0xFFFF,0xFFFF,0xFFFF,0xFFFF,0xFFFF,0xFFFF,0xFFFF,0xFFFF,0xFFFF,
  0xFFFF,0xFFDF,0xFFFF,0xFFFD,0xE6D2,0xBD05,0xBCC2,0x8364,0x2903,0x1083,0x18E4,0x73AE,0xCE78,0xFFFF,
  0xD69A,0x18E3,0x18E3,0xE71C,0xEF7D,0x632C,0x2104,0x0020,0x7BEF,0xFFFF,0x31A6,0x4A49,0xFFFF,0x52AA,
  0xAD75,0xE73C,0x0020,0x5AEB,0xEF5D,0x632C,0xF7BF,0x4208,0x0841,0xCE59,0xE71C,0x2965,0xFFDF,0x8C52,
  0x0822,0x1903,0x18E2,0x18C3,0x1882,0x1883,0x5A24,0xAC62,0xC4E1,0xCDAB,0xF7B9,0xFFFF,0xFFDF,0xFFFF,
  0xFFFF,0xFFFF,0xFFFF,0xFFFF,0xFFFF,0xFFFF,0xFFFF,0xFFFF,0xFFFF,0xFFFF,0xFFFF,0xFFFF,0xFFFF,0xFFFF,
  0xFFFF,0xFFFF,0xFFFF,0xFFFF,0xFFFF,0xFFFF,0xFFFF,0xFFFF,0xFFFF,0xFFFF,0xFFFF,0xFFFF,0xFFFF,0xFFFF,
  0xFFFF,0xFFFE,0xFFDC,0xCE0C,0xB4E2,0xA444,0x5203,0x0842,0x0862,0x1082,0x2964,0xFFFF,0xBDD8,0x630C,
  0xFFFF,0x5ACB,0x0020,0x4A49,0xB5B6,0xFFFF,0xEF7D,0x39E8,0x528A,0xFFFF,0x4A69,0x4228,0xFFFF,0x4A69,
  0xAD75,0xEF3D,0x0020,0xAD75,0xFFFF,0xCE59,0xFFFF,0x39E7,0x2964,0xFFFF,0x8C51,0x632D,0xFFFF,0x4A49,
  0x1061,0x18C4,0x18A4,0x18C3,0x18C3,0x18C3,0x1081,0x3102,0x8364,0xBCC2,0xBD46,0xEF36,0xFFFF,0xFFFF,
  0xFFFF,0xFFFF,0xFFFF,0xFFFF,0xFFFF,0xFFFF,0xFFFF,0xFFFF,0xFFFF,0xFFFF,0xFFFF,0xFFFF,0xFFFF,0xFFFF,
  0xFFFF,0xFFFF,0xFFFF,0xFFFF,0xFFFF,0xFFFF,0xFFFF,0xFFFF,0xFFFF,0xFFFF,0xFFFF,0xFFFF,0xFFFF,0xFFDE,
  0xFFFF,0xF79A,0xC589,0xBCE2,0x8BA4,0x2922,0x0020,0x2965,0xB5B6,0x4A6A,0x0000,0x94B2,0xF79E,0x738E,
  0xF79E,0x5ACB,0x0862,0x18E4,0x4208,0x4A49,0xF79E,0xA514,0x3186,0xFFFF,0x7BAE,0x4208,0xFFFF,0xDEBA,
  0xFFDF,0x9471,0x3185,0xFFFF,0x9491,0x9CF3,0xFFFF,0x3187,0x6B4E,0xFFFF,0x4208,0xBDF7,0xE73D,0x18C3,
  0x18A3,0x18A3,0x18A3,0x18C3,0x18C3,0x18E3,0x18C3,0x0041,0x1062,0x6263,0xB4A3,0xBCE4,0xE6B4,0xFFFF,
  0xFFDF,0xFFFE,0xFFFF,0xFFFF,0xFFFF,0xFFFF,0xFFFF,0xFFFF,0xFFFF,0xFFFF,0xFFFF,0xFFFF,0xFFFF,0xFFFF,
  0xFFFF,0xFFFF,0xFFFF,0xFFFF,0xFFFF,0xFFFF,0xFFFF,0xFFFF,0xFFFF,0xFFFF,0xFFFF,0xFFFE,0xFFFE,0xFFFF,
  0xF759,0xBD28,0xB4E2,0x72E3,0x18A2,0x1081,0x62EC,0xE73C,0xAD75,0x18E3,0x0020,0x3186,0xF7BE,0xF79E,
  0xC618,0xF7BF,0x4A69,0x4A49,0xFFFF,0xA535,0xF79E,0x9CD2,0x18E3,0xC638,0x6B2E,0x20E5,0x738F,0x73AF,
  0x52CB,0x0863,0x39C8,0x9493,0x1083,0x4228,0xF7BE,0x4A28,0xD67A,0xEF7D,0x528A,0xFFFF,0x9CD3,0x0841,
  0x18C4,0x18A3,0x18A3,0x18A3,0x18E3,0x0861,0x4A49,0xA514,0x2945,0x0841,0x41A3,0xA463,0xBCE3,0xDE70,
  0xFFFD,0xFFDF,0xFFFE,0xFFFF,0xFFFF,0xFFFF,0xFFFF,0xFFFF,0xFFFF,0xFFFF,0xFFFF,0xFFFF,0xFFFF,0xFFFF,
  0xFFFF,0xFFFF,0xFFFF,0xFFFF,0xFFFF,0xFFFF,0xFFFF,0xFFFF,0xFFFF,0xFFFF,0xFFFF,0xFFFE,0xFFFF,0xF739,
  0xBD26,0xB4C2,0x6A63,0x1042,0x18E4,0x0862,0x6B4D,0xFFFF,0x8C71,0x4207,0x6B6D,0x0020,0xA514,0xEF7D,
  0x3186,0xE71C,0xDEFB,0x2104,0xA514,0xDEBA,0x8430,0x18C3,0x0861,0x0860,0x1881,0x2902,0x20A0,0x20C0,
  0x28E1,0x3143,0x28E2,0x1040,0x1882,0x1083,0x2926,0x2104,0x8C51,0xD69A,0xF7BE,0xDEDB,0x31A6,0x1082,
  0x18C4,0x18A3,0x18A3,0x18C4,0x10A3,0x18E4,0xD6BB,0xFFFF,0x39C6,0x10A2,0x1065,0x3922,0xA443,0xB501,
  0xD64F,0xFFFF,0xFFFE,0xFFFE,0xFFFF,0xFFFF,0xFFFF,0xFFFF,0xFFFF,0xFFFF,0xFFFF,0xFFFF,0xFFFF,0xFFFF,
  0xFFFF,0xFFFF,0xFFFF,0xFFFF,0xFFFF,0xFFFF,0xFFFF,0xFFFF,0xFFFF,0xFFFF,0xFFFF,0xFFFF,0xF778,0xBD45,
  0xB4A3,0x5A22,0x0841,0x10A3,0xC638,0x6B4D,0x0000,0xA514,0xFFFF,0xEF7D,0x8430,0x0841,0x3186,0xFFFF,
  0x8C51,0x738E,0xCE7A,0x2104,0x0021,0x1061,0x20A0,0x51E2,0x7B03,0x9BC4,0xAC23,0xBC64,0xCC64,0xCC64,
  0xCC64,0xC464,0xBC44,0xB465,0xA404,0x8362,0x6242,0x3962,0x1040,0x18A3,0x39C8,0x2925,0x10A2,0x18C3,
  0x18A3,0x18A3,0x18C3,0x18C3,0x0862,0xAD75,0xFFFF,0x5AEC,0x0861,0x18C3,0x10A2,0x0842,0x28E2,0x9BE4,
  0xBCC2,0xD670,0xFFFF,0xFFFF,0xFFFF,0xFFFF,0xFFFF,0xFFFF,0xFFFF,0xFFFF,0xFFFF,0xFFFF,0xFFFF,0xFFFF,
  0xFFFF,0xFFFF,0xFFFF,0xFFFF,0xFFFF,0xFFFF,0xFFFF,0xFFFF,0xFFFF,0xFFFF,0xFFFF,0xF77B,0xBD27,0xB4E2,
  0x5A03,0x0841,0x2965,0x10C2,0x9CB2,0xFFBF,0x2124,0x18C3,0xDEFB,0xEF5D,0x18C3,0x18C3,0x2925,0xAD55,
  0xB595,0x1082,0x1042,0x2922,0x62A3,0x9BE3,0xC485,0xD424,0xDB63,0xDAC2,0xD9E1,0xD160,0xD121,0xD101,
  0xD0E1,0xD901,0xD161,0xD1A1,0xDA42,0xDB22,0xDC04,0xCC65,0xB444,0x7B22,0x3981,0x1082,0x1063,0x18A3,
  0x18C4,0x18A4,0x18C4,0x0041,0x7BEF,0xFFFF,0x8C51,0x0841,0x18C3,0x10A3,0xAD75,0x73AF,0x0842,0x3102,
  0x9C02,0xBCE0,0xE673,0xFFFF,0xFFFF,0xFFFE,0xFFFF,0xFFFF,0xFFFF,0xFFFF,0xFFFF,0xFFFF,0xFFFF,0xFFFF,
  0xFFFF,0xFFFF,0xFFFF,0xFFFF,0xFFFF,0xFFFF,0xFFFF,0xFFFF,0xFFDF,0xFFDF,0xFFBC,0xC589,0xB4C1,0x6263,
  0x1061,0x2124,0xDEDB,0xCE59,0x2104,0xC639,0xB596,0x0000,0x528A,0xFFFF,0xBDB8,0xD67A,0x9CB2,0x1062,
  0x1083,0x3162,0x8343,0xBC84,0xD423,0xDAA3,0xD182,0xC8A1,0xD821,0xD802,0xD803,0xE003,0xE003,0xE004,
  0xE003,0xE003,0xE002,0xD801,0xD802,0xD002,0xD061,0xC921,0xDA22,0xDB83,0xD483,0xA403,0x4A43,0x10C3,
  0x1083,0x20C3,0x1062,0x526A,0xFFBF,0xBDD7,0x10A3,0x18C3,0x0862,0xA514,0xFFFF,0x9472,0x1082,0x1062,
  0x3903,0xA423,0xBD03,0xEED6,0xFFFF,0xFFFF,0xFFFF,0xFFFF,0xFFFF,0xFFFF,0xFFFF,0xFFFF,0xFFFF,0xFFFF,
  0xFFFF,0xFFFF,0xFFFF,0xFFFF,0xFFFF,0xFFFF,0xFFFF,0xFFFF,0xFFDF,0xFFFD,0xCDCC,0xB4E2,0x72C3,0x1022,
  0x18C3,0x10A2,0x5AEC,0xF79E,0xE71C,0x6B4D,0xE73D,0x5AEB,0x0000,0x9492,0xFFFF,0x8C72,0x18A4,0x3102,
  0x7B44,0xCCA4,0xDB83,0xC9C1,0xC862,0xD002,0xD802,0xE003,0xE804,0xE804,0xE003,0xE003,0xE003,0xE003,
  0xE003,0xE003,0xE004,0xE004,0xE804,0xE802,0xE003,0xD803,0xD803,0xD002,0xD0E2,0xDAC3,0xD465,0x9C23,
  0x4A22,0x18A2,0x0843,0xBDD5,0xFFFF,0x41E8,0x0861,0x1082,0x9492,0xFFFF,0x9CD3,0x0021,0x18C3,0x4208,
  0x1022,0x4142,0xAC83,0xBD04,0xF778,0xFFFF,0xFFFF,0xFFFF,0xFFFF,0xFFFF,0xFFFF,0xFFFF,0xFFFF,0xFFFF,
  0xFFFF,0xFFFF,0xFFFF,0xFFFF,0xFFFF,0xFFFF,0xFFFF,0xFFFF,0xFFFF,0xE6B1,0xB4E2,0x8B84,0x1863,0x18E5,
  0xC5F7,0x8C51,0x0000,0x2965,0xC638,0xF79E,0xCE59,0xD6BB,0x18E4,0x2104,0x4229,0x0020,0x6243,0xC465,
  0xDBA3,0xD161,0xD022,0xD804,0xE804,0xE823,0xE003,0xE003,0xE023,0xE023,0xE023,0xE023,0xE002,0xE003,
  0xE003,0xE003,0xE003,0xE003,0xE004,0xE024,0xE024,0xE023,0xE042,0xE823,0xE004,0xD802,0xC8C1,0xDAC2,
  0xD4A4,0x9384,0x2901,0x18C4,0xAD76,0xE71C,0x2104,0x8410,0xFFFF,0xAD55,0x0841,0x18C3,0xAD76,0xFFFF,
  0x4A69,0x0801,0x5203,0xB4C2,0xC569,0xFFBC,0xFFFF,0xFFFE,0xFFFF,0xFFFF,0xFFFF,0xFFFF,0xFFFF,0xFFFF,
  0xFFFF,0xFFFF,0xFFFF,0xFFFF,0xFFFF,0xFFFF,0xFFFF,0xFFFF,0xF758,0xBD04,0x9C44,0x2902,0x0861,0x2124,
  0xC618,0xFFFF,0xA514,0x1082,0x0841,0x7C10,0xF7BE,0xFFFF,0x7BCF,0x0001,0x20E1,0x93C2,0xDC63,0xD202,
  0xC842,0xE003,0xE002,0xD002,0xC801,0xD001,0xD002,0xD001,0xD001,0xC801,0xC801,0xD001,0xD002,0xD002,
  0xD001,0xD001,0xD001,0xD001,0xD001,0xC801,0xD001,0xD002,0xD002,0xC803,0xD823,0xF003,0xE002,0xD001,
  0xC921,0xDB84,0xB485,0x49C1,0x0842,0x5AEB,0x8C70,0xFFFF,0xB5B7,0x0841,0x2945,0xC638,0xF7BE,0xAD55,
  0xD6DB,0x2966,0x1061,0x72C5,0xBCC3,0xDE11,0xFFFF,0xF7FE,0xFFFF,0xFFFF,0xFFFF,0xFFFF,0xFFFF,0xFFFF,
  0xFFFF,0xFFFF,0xFFFF,0xFFFF,0xFFFF,0xFFFF,0xFFFF,0xFFDE,0xCDA8,0xBCC2,0x49C4,0x10A2,0x39E7,0x0862,
  0x0862,0xA534,0xFFFF,0xBDF8,0x2945,0x0000,0x4AA9,0x9D14,0x20E5,0x3162,0xB466,0xDBE2,0xD101,0xD803,
  0xE023,0xD022,0xDB0C,0xED15,0xED55,0xF576,0xF576,0xF576,0xF576,0xF576,0xF576,0xF576,0xF576,0xF576,
  0xF576,0xF576,0xF576,0xF576,0xF576,0xF556,0xF576,0xF576,0xF556,0xE515,0xD9A8,0xE002,0xD823,0xE022,
  0xE003,0xD042,0xD2A2,0xD4C6,0x6AE3,0x0000,0x7B8F,0xC5F8,0x0861,0x4A69,0xF79E,0xFFFF,0x8C71,0x630C,
  0xFFFF,0x6B4E,0x0841,0x18E1,0x9BC3,0xC4E5,0xEF37,0xFFFF,0xFFDF,0xFFFF,0xFFFF,0xFFFF,0xFFFF,0xFFFF,
  0xFFFF,0xFFFF,0xFFFF,0xFFFF,0xFFFF,0xFFFF,0xFFFF,0xE692,0xBD00,0x7304,0x0841,0x18E3,0xE73C,0xBDD7,
  0x2124,0x0000,0x7BF0,0xFFFF,0xD6BB,0x4207,0x0862,0x0023,0x41A1,0xC4A4,0xDAE3,0xC063,0xD804,0xE822,
  0xE823,0xD002,0xE4D3,0xF7FF,0xA5B7,0xB5D7,0xB5B7,0xB5B7,0xB5B7,0xB5B7,0xB5B7,0xB5B7,0xB5B7,0xB5B7,
  0xB5B7,0xB5B7,0xB5B7,0xB5B7,0xB5B7,0xB5B7,0xB5B7,0xAD96,0xBE18,0xFFFF,0xD2EC,0xD801,0xE803,0xE003,
  0xE024,0xF002,0xD802,0xC9C1,0xD4A3,0x8324,0x1062,0x0881,0x736D,0xFFFF,0xBDF7,0x73AE,0xEF7D,0xFFFF,
  0xCE59,0x2966,0x1061,0x1061,0x41A3,0xB4A3,0xCD88,0xFFDE,0xFFFF,0xFFFF,0xFFFF,0xFFFF,0xFFFF,0xFFFF,
  0xFFFF,0xFFFF,0xFFFF,0xFFFF,0xFFFF,0xFFFF,0xF79B,0xC544,0xA423,0x20C3,0x18C2,0x4229,0x4A69,0xC638,
  0xEF5D,0x6B6D,0x0000,0x5ACB,0xFFFF,0xB596,0x0842,0x4A02,0xCCA3,0xDAA2,0xC821,0xD804,0xE022,0xD822,
  0xE025,0xD800,0xEC71,0xD6FB,0x0801,0x1021,0x0842,0x0842,0x1062,0x0841,0x0801,0x0801,0x0821,0x0841,
  0x0821,0x0801,0x0801,0x0841,0x1042,0x1041,0x1041,0x0000,0x3986,0xFFDF,0xD28B,0xE801,0xE823,0xD803,
  0xE002,0xE021,0xE025,0xD003,0xC941,0xDC65,0x7B83,0x0860,0x738F,0xFFDF,0x4A49,0x8C71,0xF79E,0x528A,
  0x18C3,0x0000,0x41E7,0x4208,0x0842,0x7302,0xBCE2,0xE694,0xFFFF,0xFFFF,0xFFFF,0xFFFF,0xFFFF,0xFFFF,
  0xFFFF,0xFFFF,0xFFFF,0xFFFF,0xFFFF,0xFFFF,0xD62E,0xBCC2,0x6264,0x0020,0x8410,0xF7BF,0xB596,0x7BCF,
  0x9CF3,0xE73C,0xB596,0x18E4,0x4A49,0x2947,0x3161,0xC4A4,0xD2A2,0xD001,0xE002,0xE023,0xE003,0xE003,
  0xD824,0xD001,0xEC31,0xDF5D,0x18C3,0x20C3,0x20E3,0x18A3,0x1062,0x18A3,0x3186,0x3166,0x20E4,0x18A3,
  0x20E4,0x3166,0x3186,0x18C3,0x1062,0x1882,0x20E4,0x1082,0x4A29,0xFFFF,0xD26B,0xE001,0xE023,0xE003,
  0xE004,0xE004,0xE002,0xE003,0xD804,0xC920,0xDC64,0x7324,0x0000,0x8C51,0xFFFF,0xFFFF,0x9CD3,0x0000,
  0x2104,0x8C71,0xFFFF,0xCE7A,0x0882,0x2902,0xAC23,0xC566,0xFFDC,0xFFFF,0xFFFF,0xFFFF,0xFFFF,0xFFFF,
  0xFFFF,0xFFFF,0xFFFF,0xFFFE,0xFFFF,0xFF9A,0xBD24,0x9403,0x20A2,0x10A3,0xA514,0xFFDF,0xC638,0xBDD7,
  0xC618,0xC638,0xFFDF,0xDEFB,0x10A2,0x1901,0xB466,0xDAC2,0xC821,0xE003,0xE002,0xE003,0xE003,0xE003,
  0xE023,0xD802,0xE38F,0xE79E,0x20E5,0x10C3,0x10C3,0x31A7,0x6B6E,0xD69A,0xF79E,0xF79E,0xD6BB,0x8C51,
  0xDEFB,0xF79E,0xF79E,0xCE79,0x632C,0x39E7,0x10C3,0x0882,0x4249,0xFFFF,0xD22A,0xD801,0xE003,0xE003,
  0xE004,0xE004,0xE002,0xE003,0xE003,0xD002,0xC961,0xDC66,0x5A83,0x0822,0x6B6E,0x62CB,0x1882,0x6B6D,
  0xE73C,0xFFDF,0x9492,0xD6BA,0x6B6D,0x0001,0x6263,0xBCE1,0xE673,0xFFFF,0xFFFE,0xFFFF,0xFFFF,0xFFFF,
  0xFFFF,0xFFFF,0xFFFF,0xFFDF,0xFFFF,0xD64F,0xB4C2,0x5223,0x1062,0x1083,0x1082,0x6B6D,0xE71C,0xC638,
  0x738E,0x8410,0xDEDB,0x83F1,0x1080,0x9403,0xDBC3,0xC863,0xE004,0xE003,0xE003,0xE003,0xE003,0xE003,
  0xE003,0xD802,0xDACD,0xEFBE,0x3145,0x10A2,0x0862,0x5ACB,0xC639,0xFFFF,0xFFFF,0xFFFF,0xFFFF,0xAD55,
  0xFFFF,0xFFFF,0xFFFF,0xFFFF,0xBDF7,0x632C,0x1082,0x1082,0x52AA,0xFFFF,0xD1C9,0xE002,0xE003,0xE002,
  0xE003,0xE003,0xE003,0xE003,0xE003,0xD822,0xD820,0xD1E2,0xC4A6,0x41E2,0x0001,0x41E9,0xDEBA,0xFFFF,
  0xEF5D,0xB5B6,0x528A,0xF79E,0xAD55,0x0820,0x28E2,0x9C22,0xC547,0xFFDC,0xFFFF,0xFFFF,0xFFFF,0xFFFF,
  0xFFFF,0xFFFF,0xFFFF,0xFFFF,0xFFBA,0xBD66,0x9423,0x2082,0x2124,0x4207,0x1082,0x0000,0x2945,0xB5B6,
  0xF7BE,0x8410,0x3186,0x1043,0x6A83,0xE443,0xC900,0xD804,0xE002,0xE003,0xE003,0xE003,0xE003,0xE003,
  0xE023,0xD801,0xD1EA,0xFFBF,0x39E7,0x1082,0x1082,0x4A49,0xB5B7,0xFFFF,0xFFFF,0xFFFF,0xF7BE,0xA514,
  0xFFDF,0xFFFF,0xFFDF,0xFFFF,0xAD54,0x528A,0x1082,0x0862,0x5B0B,0xFFDF,0xD168,0xE002,0xE003,0xE003,
  0xE003,0xE003,0xE003,0xE003,0xD804,0xE002,0xF003,0xD002,0xDB02,0xAC64,0x1061,0x73AF,0xD6DA,0x4208,
  0x738E,0xF79E,0xFFDF,0xE71C,0x4A4A,0x1081,0x1863,0x6282,0xB501,0xE6B3,0xFFFF,0xFFFE,0xFFFE,0xFFFF,
  0xFFFF,0xFFFF,0xFFFE,0xFFFF,0xDEB2,0xBCE2,0x62A3,0x0000,0x8430,0xFFFF,0xC618,0x6B4D,0x18C3,0x0000,
  0x632C,0xE73C,0x39E8,0x2921,0xCC67,0xD9C2,0xD803,0xE802,0xE021,0xE003,0xE003,0xE003,0xE003,0xE003,
  0xE823,0xD802,0xD128,0xFF9F,0x52CA,0x1062,0x1082,0x4228,0xB5B7,0xFFFF,0xFFFF,0xFFFF,0xF7BE,0xA514,
  0xFFDF,0xFFFF,0xFFFF,0xFFFF,0xAD55,0x4A69,0x1082,0x0862,0x6B6D,0xFF7D,0xC8E5,0xE002,0xE003,0xE003,
  0xE003,0xE003,0xE003,0xE003,0xE004,0xE004,0xE804,0xE803,0xC881,0xDC04,0x72E4,0x0861,0x31A7,0x94B2,
  0xFFFF,0xAD55,0x2965,0x18E3,0x0000,0x2104,0x18A4,0x3102,0xA461,0xCDAA,0xFFFE,0xFFFF,0xFFFF,0xFFFF,
  0xFFFF,0xFFFF,0xFFFE,0xFFFF,0xC5AA,0xAC62,0x3122,0x1062,0x39C7,0x8430,0xEF5D,0xFFFF,0xEF7D,0x8C51,
  0x10A2,0x18C4,0x10A3,0x8BC3,0xDB63,0xC822,0xE803,0xE002,0xE004,0xE003,0xE003,0xE003,0xE003,0xE003,
  0xE003,0xE002,0xC865,0xFF1C,0x73CE,0x0841,0x10A2,0x39E8,0xB5B7,0xFFFF,0xFFFF,0xFFFF,0xFFFF,0xAD55,
  0xFFFF,0xFFFF,0xFFFF,0xFFFF,0xB575,0x4A28,0x1083,0x0821,0x7C10,0xFF3C,0xC884,0xE802,0xD803,0xE003,
  0xE003,0xE003,0xE003,0xE003,0xE002,0xD804,0xD802,0xE021,0xD803,0xD1A2,0xC4A5,0x20E0,0x526C,0xFFFF,
  0xA514,0x18E3,0x0020,0x39C7,0x9492,0xE71D,0x5AEB,0x0801,0x8323,0xC524,0xEF77,0xFFFF,0xFFFF,0xFFFF,
  0xFFFF,0xFFFF,0xFFFF,0xF759,0xC523,0x8363,0x0021,0x630C,0xC618,0x5AAA,0x2965,0x52AB,0xBDF8,0xFFFF,
  0xAD54,0x0021,0x3A03,0xCCA3,0xC920,0xD803,0xE003,0xE003,0xE003,0xE003,0xE003,0xE003,0xE003,0xE003,
  0xE003,0xE003,0xC803,0xF618,0x9514,0x0841,0x10A2,0x39C7,0xA535,0xCE79,0xC658,0xC618,0xBDD7,0x7BF0,
  0xBDD6,0xC638,0xCE79,0xC67A,0x9CF4,0x41C7,0x1883,0x0821,0x94D3,0xFE9A,0xC803,0xE802,0xD823,0xE003,
  0xE003,0xE003,0xE003,0xE003,0xE003,0xE003,0xE003,0xE003,0xE003,0xD021,0xDBA2,0x8364,0x1063,0x31A6,
  0x2104,0x6B6D,0xCE59,0xFFDF,0xFFDF,0xEF7D,0xAD96,0x0021,0x49E3,0xB4A2,0xE66F,0xFFFF,0xF7FF,0xFFFF,
  0xFFFF,0xFFFF,0xFFFF,0xDE91,0xBCC2,0x5223,0x0821,0x6B2C,0xEF7D,0xFFFF,0xEF5D,0x8C51,0x2945,0xA534,
  0xCE5A,0x0800,0x93C4,0xDB43,0xD022,0xE803,0xE003,0xE003,0xE003,0xE003,0xE003,0xE003,0xE003,0xE003,
  0xE003,0xE023,0xD002,0xE493,0xC679,0x1082,0x10A2,0x2966,0xBDD7,0x9CD3,0x8430,0x8C71,0xA534,0xB5D7,
  0xA534,0x9451,0x8C30,0x9CD3,0xBDD6,0x3166,0x18A3,0x1042,0xBDF7,0xF597,0xD002,0xE023,0xE003,0xE003,
  0xE003,0xE003,0xE003,0xE003,0xE003,0xE003,0xE003,0xE003,0xE003,0xD802,0xD941,0xC4A5,0x2941,0x3967,
  0xEF5D,0xFFFF,0xE71C,0xFFDF,0x5AEC,0x31C7,0xD6BA,0x2145,0x20A2,0x9C22,0xCDC8,0xFFFF,0xFFFF,0xFFFF,
  0xFFFF,0xFFDF,0xFFFE,0xCDE9,0xAC23,0x2922,0x18C3,0x1082,0x2104,0x62EC,0xC618,0xFFFF,0xFFFF,0xFFDF,
  0x632D,0x2920,0xCCA3,0xD142,0xD804,0xE003,0xE003,0xE003,0xE003,0xE003,0xE003,0xE003,0xE003,0xE003,
  0xE003,0xE023,0xE001,0xDAED,0xEF3D,0x2125,0x10A2,0x18E3,0x2945,0x18A3,0x1062,0x0882,0x1904,0x3186,
  0x18E4,0x0861,0x1821,0x18A3,0x2946,0x20C4,0x10A4,0x10A3,0xDEDB,0xE431,0xD001,0xE023,0xE003,0xE003,
  0xE003,0xE003,0xE003,0xE003,0xE003,0xE003,0xE003,0xE003,0xE003,0xE004,0xE002,0xDB83,0x7B43,0x2083,
  0xE71C,0x9492,0x0861,0xA514,0x6B4D,0x0841,0x2945,0x18C3,0x1063,0x7B02,0xC544,0xF77B,0xFFFF,0xFFFE,
  0xFFFF,0xFFFF,0xF7BC,0xC565,0x9363,0x10A2,0x18C4,0x18C3,0x10A3,0x0841,0x0841,0x39E8,0x8C51,0x7BCF,
  0x0862,0x7323,0xDBC2,0xD823,0xE803,0xD822,0xE003,0xE003,0xE003,0xE003,0xE003,0xE003,0xE003,0xE003,
  0xE003,0xE023,0xE802,0xC127,0xFF5D,0x528A,0x0862,0x18C3,0x10A2,0x18C3,0x18C4,0x18C4,0x18A2,0x2042,
  0x5063,0x70A4,0x58A3,0x2083,0x08C4,0x20A4,0x10A3,0x3186,0xF7BE,0xD2AC,0xE001,0xD823,0xE003,0xE002,
  0xE003,0xE003,0xE003,0xE003,0xE003,0xE003,0xE003,0xE003,0xE003,0xE022,0xD802,0xD9C2,0xBC65,0x0880,
  0x9492,0xAD76,0x0041,0x18E4,0x18E3,0x18C3,0x1882,0x18C3,0x0883,0x5203,0xBCE2,0xE6D4,0xFFFF,0xFFFE,
  0xFFFF,0xFFFF,0xEF16,0xBD02,0x6AA3,0x1082,0x18C4,0x18C3,0x18C3,0x18C4,0x18C3,0x1062,0x0841,0x0842,
  0x20C2,0xB444,0xDA03,0xD802,0xF002,0xE003,0xE003,0xE003,0xE003,0xE003,0xE003,0xE003,0xE003,0xE003,
  0xE003,0xE003,0xE003,0xC003,0xF639,0x94B2,0x1001,0x18E4,0x18C3,0x18C3,0x18A4,0x18A4,0x2862,0x88A4,
  0xD064,0xD844,0xB8C5,0x4082,0x18A4,0x18C4,0x0042,0x62EC,0xFF9D,0xC906,0xE002,0xE003,0xE003,0xE002,
  0xE003,0xE003,0xE003,0xE003,0xE003,0xE003,0xE003,0xE003,0xE003,0xE002,0xE004,0xD082,0xDC25,0x4202,
  0x2106,0x4227,0x18A3,0x18C3,0x10C3,0x18C3,0x18C3,0x18C3,0x10C3,0x3924,0xAC62,0xD62D,0xFFFF,0xFFFF,
  0xFFFF,0xFFFF,0xE671,0xBCC1,0x4203,0x1083,0x18C3,0x18C3,0x18C3,0x18C3,0x18C3,0x20C4,0x20E3,0x10A4,
  0x41A2,0xCC64,0xD0C2,0xD803,0xE802,0xE003,0xE003,0xE003,0xE003,0xE003,0xE003,0xE003,0xE003,0xE003,
  0xE003,0xE003,0xE023,0xD002,0xDBD0,0xD6DA,0x1883,0x10C3,0x20A3,0x18C3,0x18C3,0x1882,0x7063,0xD865,
  0xE803,0xC843,0x6082,0x20C2,0x18A4,0x18C4,0x0822,0x9D34,0xF638,0xC802,0xE003,0xE003,0xE003,0xE003,
  0xE003,0xE003,0xE003,0xE003,0xE003,0xE003,0xE003,0xE003,0xE003,0xE003,0xE004,0xD801,0xE323,0x8343,
  0x0042,0x1082,0x2084,0x18C3,0x18C3,0x18C4,0x18C3,0x18C3,0x10C2,0x20A3,0x9BE2,0xC5A8,0xFFFE,0xFFFF,
  0xFFFF,0xFFFF,0xD5EB,0xAC82,0x3162,0x1083,0x18C3,0x18C3,0x18C3,0x18C4,0x18E3,0x20C4,0x18E3,0x1042,
  0x6284,0xDBE4,0xD041,0xE003,0xE803,0xE004,0xE003,0xE003,0xE003,0xE003,0xE003,0xE003,0xE003,0xE003,
  0xE003,0xE003,0xE023,0xE003,0xC927,0xFF9D,0x52CA,0x0841,0x20C4,0x18C3,0x10C2,0x28A2,0xC065,0xE803,
  0xE022,0xC825,0x4083,0x1083,0x10E4,0x1883,0x20A4,0xD77C,0xE3D0,0xD801,0xE023,0xE003,0xE003,0xE003,
  0xE003,0xE003,0xE003,0xE003,0xE003,0xE003,0xE003,0xE003,0xE003,0xE003,0xE003,0xD802,0xDA01,0xAC03,
  0x10C2,0x18C5,0x20A5,0x18E3,0x18C3,0x18C3,0x18C3,0x18C3,0x18E3,0x1882,0x8342,0xC566,0xF7BC,0xFFFF,
  0xFFFF,0xFFFE,0xCDC7,0x9C23,0x20E2,0x18A3,0x18C3,0x18A3,0x1082,0x0862,0x0842,0x1042,0x18A2,0x1863,
  0x93C5,0xDB03,0xD803,0xE004,0xE003,0xE004,0xE003,0xE003,0xE003,0xE003,0xE003,0xE003,0xE003,0xE003,
  0xE003,0xE003,0xE003,0xE823,0xD002,0xED15,0xBDF7,0x1041,0x18C3,0x18C3,0x10C3,0x50C2,0xD864,0xE003,
  0xD023,0xE804,0xB085,0x3863,0x10E4,0x0842,0x62EC,0xFFBE,0xD127,0xE003,0xE003,0xE003,0xE003,0xE003,
  0xE003,0xE003,0xE003,0xE003,0xE003,0xE003,0xE003,0xE003,0xE003,0xD803,0xE002,0xE004,0xD121,0xCC84,
  0x3163,0x0842,0x1042,0x0841,0x1083,0x18A3,0x18C3,0x18C3,0x18C3,0x1082,0x6AC2,0xC4E4,0xF759,0xFFFF,
  0xFFFF,0xFFBD,0xC565,0x93A2,0x18C2,0x18C3,0x18C4,0x0862,0x632D,0xAD75,0x7BD0,0x526A,0x2924,0x1041,
  0x8343,0xC1C2,0xD803,0xE024,0xE823,0xE003,0xE003,0xE003,0xE003,0xE003,0xE003,0xE003,0xE003,0xE003,
  0xD803,0xE003,0xD803,0xE023,0xE002,0xC188,0xFFBE,0x526A,0x0862,0x18E4,0x18A3,0x78A3,0xE044,0xE004,
  0xE024,0xE802,0xD064,0x50C3,0x2083,0x0842,0xBE58,0xF576,0xC803,0xE024,0xE003,0xE003,0xE003,0xE003,
  0xE003,0xE003,0xE003,0xE003,0xE003,0xE003,0xD803,0xE003,0xE803,0xE823,0xE023,0xD805,0xB861,0xA302,
  0x3184,0x31A6,0x632B,0x9492,0xC639,0x73AF,0x0862,0x18C4,0x18C3,0x08A3,0x5242,0xBCC2,0xEEF6,0xFFFF,
  0xFFFF,0xF79B,0xC544,0x8362,0x10A2,0x18C4,0x18C3,0x10A3,0xCE7A,0xFFFF,0xFFFF,0xFFFF,0xEF5D,0xBDF8,
  0x9471,0x8AA9,0x8904,0xA022,0xC803,0xE003,0xE823,0xE823,0xE003,0xD823,0xD803,0xE003,0xE003,0xD803,
  0xD803,0xE003,0xE003,0xE003,0xE003,0xC801,0xE4F4,0xCE7A,0x1082,0x18C3,0x18A3,0x70A3,0xE044,0xC823,
  0xC042,0xE023,0xC884,0x60E4,0x0021,0x5AEB,0xFFFD,0xC9E9,0xE002,0xE023,0xE003,0xE003,0xE003,0xE003,
  0xE003,0xD803,0xE003,0xE004,0xE003,0xE003,0xE023,0xE023,0xD803,0xB803,0xA063,0x8946,0x92EB,0xACD2,
  0xD69A,0xFFDF,0xFFFF,0xFFFF,0xFFFF,0xDEDB,0x18E4,0x18C3,0x18C4,0x1083,0x41C3,0xB4C1,0xE6D3,0xFFFF,
  0xFFFF,0xF77A,0xC524,0x7B02,0x0862,0x18E4,0x1082,0x4208,0xFFDF,0xFFDF,0xEF7D,0xAD55,0x9CF3,0xFFDF,
  0xFFFF,0xF7DF,0xE71C,0xBD15,0x930D,0x8146,0xA023,0xD003,0xE823,0xE022,0xE002,0xE023,0xD803,0xE003,
  0xE003,0xE003,0xE003,0xE003,0xE003,0xE002,0xC8C6,0xFF3C,0x8C50,0x0041,0x20A3,0x78C5,0xC065,0xCA2A,
  0xBA8A,0xA084,0x88A4,0x3882,0x1904,0xDF5C,0xED14,0xC802,0xE022,0xE003,0xE003,0xE003,0xE003,0xE003,
  0xE003,0xE003,0xE003,0xD823,0xE043,0xD823,0xC003,0x9863,0x89C7,0x9BAF,0xCDB7,0xF75D,0xFFFF,0xFFFF,
  0xF7BE,0xDEFB,0xDEDB,0x9CD3,0xA534,0xFFDF,0x4A49,0x0862,0x18E4,0x1083,0x3982,0xB481,0xE6B2,0xFFFF,
  0xFFFF,0xEF59,0xBD23,0x72C2,0x1063,0x18E3,0x0841,0x738E,0xFFFF,0xFFFF,0xDEDB,0x8C71,0xD69A,0xBE17,
  0x9492,0x9CD3,0xF79D,0xFFFF,0xFFFF,0xE75D,0xAD13,0x8289,0x8883,0xC002,0xD823,0xE024,0xE003,0xE002,
  0xE003,0xE003,0xE003,0xE003,0xE003,0xE823,0xC802,0xCA6A,0xFFFF,0x5B0C,0x0020,0x50E4,0x5822,0xB492,
  0xB513,0x2801,0x2882,0x0041,0xAD96,0xFF1C,0xC0E6,0xE803,0xD822,0xE003,0xE003,0xE003,0xE003,0xE003,
  0xE003,0xE003,0xE844,0xD803,0xB002,0x88C4,0x930B,0xBDB6,0xEFBE,0xFFFF,0xFFFF,0xF77E,0xEF3D,0x8C31,
  0x9492,0xA514,0x8C71,0xA514,0xCE59,0xFFFF,0x7BCF,0x0021,0x20E4,0x10A3,0x3942,0xAC82,0xE6B2,0xFFFF,
  0xFFFF,0xEF37,0xBD02,0x6AA2,0x1063,0x20E4,0x0841,0x94B3,0xFFFF,0xFFDE,0xEF5D,0xA534,0xBDD7,0xA514,
  0xCE59,0xCEDA,0xA533,0xAD34,0xACF4,0xD659,0xFFFF,0xFFFF,0xCE38,0x9B6F,0x8146,0xA043,0xD823,0xE023,
  0xE002,0xE003,0xE003,0xE003,0xE003,0xE804,0xD823,0xC801,0xDBD0,0xF7DF,0x52AA,0x1021,0x0821,0x9CD3,
  0xAD55,0x0021,0x0882,0x8CD3,0xFFDF,0xCA2B,0xD803,0xE044,0xE003,0xE003,0xE003,0xE003,0xE003,0xE003,
  0xE023,0xD024,0xA044,0x8967,0xA410,0xDEDA,0xFFFF,0xFFFF,0xEF5D,0xAD75,0xC638,0x8C70,0xAD75,0xD6BA,
  0xA534,0xD6BA,0x9CF3,0xC618,0x8C51,0xCE79,0xAD55,0x0821,0x18E4,0x10A3,0x3122,0xAC62,0xE6B2,0xFFFF,
  0xFFFF,0xEF37,0xBD02,0x6AA2,0x1064,0x18E3,0x0841,0xAD75,0xFFFF,0xFFDF,0x94B2,0xC618,0x8410,0x9CD3,
  0xFFFF,0xF7BE,0xA514,0x94B2,0xAD75,0xCE59,0xB596,0xD6BB,0xFFFF,0xFFFF,0xDEFB,0xA3CF,0x8905,0xB003,
  0xE044,0xE023,0xE002,0xE803,0xE003,0xE003,0xE003,0xE023,0xC802,0xE472,0xFFFF,0x736E,0x0000,0x6B6E,
  0x6B8D,0x0821,0xA535,0xFFFF,0xD2CC,0xD002,0xE823,0xD823,0xE003,0xE803,0xE003,0xE023,0xE823,0xD824,
  0xA823,0x8966,0xB492,0xE77D,0xFFFF,0xFFFF,0xD69A,0xAD55,0xB5B6,0x738E,0xDEDB,0xB576,0x8C71,0xE71C,
  0xA514,0xDEFB,0x8C71,0xB5B6,0xAD75,0xB596,0xBDF8,0x0842,0x18C3,0x10A4,0x3123,0xAC62,0xE6D2,0xFFFF,
  0xFFFF,0xEF37,0xBD02,0x6AA2,0x1063,0x18C3,0x0841,0xBDD7,0xFFFF,0xFFFF,0xDEFB,0x9CF3,0xD69A,0x94B2,
  0xA534,0x9CD3,0x9CF3,0x8C51,0x94B2,0xE73C,0x738E,0xBDF7,0xBDF7,0xCE79,0xFFDF,0xFFFF,0xDEBA,0x9B0D,
  0x88A4,0xC823,0xE823,0xD823,0xE003,0xE003,0xE003,0xE003,0xE043,0xC802,0xD3D0,0xFFFF,0xA514,0x1904,
  0x31E7,0xC679,0xFFDE,0xD2AD,0xD003,0xE003,0xE003,0xE003,0xE003,0xE003,0xE002,0xE823,0xB823,0x80E4,
  0xA3CF,0xE73C,0xFFFF,0xFFFF,0xCE39,0xBDD7,0x9492,0xAD75,0xBDD7,0xD69A,0xBDD7,0xA555,0x73AE,0x8C71,
  0xAD55,0xCE59,0xBDF7,0xB5B6,0xAD75,0xFFFF,0xC618,0x0862,0x18C3,0x10A4,0x3123,0xAC62,0xE6D2,0xFFFF,
  0xFFFF,0xEF59,0xBD23,0x72C1,0x1063,0x18C3,0x0861,0xA534,0xEF7D,0xFFDF,0xFFFF,0xFFFF,0xFFFF,0xDEFB,
  0xBDD7,0xCE59,0x8C71,0x94B2,0xF7BE,0xAD55,0xA514,0xAD75,0xB596,0xC618,0x6B2C,0xE6FB,0xFFFF,0xFFFF,
  0xC5F7,0x8A09,0xB024,0xD844,0xE803,0xE003,0xE003,0xE003,0xE003,0xE823,0xC802,0xCAAC,0xFF3C,0xE79E,
  0xFFDF,0xF6DA,0xC9E8,0xD802,0xE004,0xE003,0xE003,0xE003,0xE003,0xE003,0xD043,0xA043,0x9A6B,0xCE99,
  0xFFFF,0xFFFF,0xFFDF,0xA4F3,0xA534,0xEF5D,0x9492,0x9CF3,0x8430,0xEF5D,0x94B2,0x9CD3,0xDEDB,0xD69A,
  0xD6BA,0xFFDF,0xFFFF,0xFFFF,0xFFDF,0xDEFB,0x94B3,0x1062,0x18C3,0x1083,0x3942,0xAC62,0xDEB2,0xFFFF,
  0xFFFF,0xF77A,0xBD24,0x8302,0x1062,0x18E4,0x10A2,0x3186,0x8C71,0x8430,0x8C71,0xAD55,0xD69A,0xFFDF,
  0xFFFF,0xFFFF,0xEF5D,0x9CD3,0xAD75,0xA514,0xBDD7,0x6B6D,0xFFDF,0xAD55,0xB5D7,0xBDB7,0xC618,0xFFFF,
  0xFFFF,0xEF9D,0xA3CF,0x9843,0xD044,0xE003,0xE003,0xE003,0xE003,0xE803,0xE022,0xC802,0xC8E5,0xE4F4,
  0xD492,0xC885,0xE802,0xE042,0xD823,0xE003,0xE003,0xE003,0xE003,0xD043,0x88A3,0xAC91,0xFFDF,0xFFFF,
  0xEF3D,0xA4F4,0xA514,0xBDF7,0x8451,0xBDF7,0xAD55,0xAD75,0xBDD7,0xAD55,0xCE59,0xD6BA,0xFFFF,0xFFFF,
  0xEF7D,0xC618,0x9CD3,0x8C51,0x8430,0x9492,0x39E8,0x1082,0x18C3,0x10A3,0x4182,0xB4A2,0xDE92,0xFFFF,
  0xFFFF,0xF79C,0xBD44,0x8B42,0x1082,0x18C4,0x18C3,0x0861,0x9CF3,0xFFDF,0xD69A,0xB5B6,0x94B2,0x8430,
  0x94B2,0xC638,0xFFFF,0xFFFF,0xEF9E,0xEF7D,0xAD55,0x9CD3,0xE73C,0x8C71,0xFFDF,0x8C71,0xEF9E,0xC638,
  0xD69A,0xFFFF,0xFFFF,0xAD12,0x9883,0xE823,0xE002,0xE003,0xE023,0xE824,0xD823,0xD822,0xD801,0xC001,
  0xC001,0xE003,0xE844,0xE043,0xE803,0xE003,0xE003,0xE003,0xE804,0xA084,0xC554,0xFFFF,0xF7DF,0xDEDB,
  0xB595,0x9D13,0x9CF3,0xAD55,0x8430,0xD6BA,0xD69A,0xA534,0xFFFF,0xE75D,0xFFFF,0xF79E,0xBDD7,0x8C51,
  0x8C51,0x9CF3,0xC618,0xE71C,0xFFFF,0xC618,0x18C3,0x18C3,0x18C3,0x1083,0x49E2,0xBCC2,0xE6D3,0xFFFF,
  0xFFFF,0xFFDD,0xC586,0x9BC3,0x20A2,0x18C4,0x18C4,0x1082,0x2103,0xDEDB,0xFFFF,0xFFFF,0xFFFF,0xF7BE,
  0xD69A,0x8C71,0x6269,0xAC92,0xE6FC,0xFFFF,0xF7FE,0xFFFF,0xB535,0xDEFB,0xA534,0xBDF7,0xBDF7,0x73AE,
  0xCE38,0xFFFF,0xFFFF,0xC637,0x9063,0xE823,0xE023,0xD824,0xC003,0x9842,0x80E5,0x8986,0x9208,0x9269,
  0x91E8,0x8966,0x88A3,0xA003,0xC802,0xD823,0xE023,0xE803,0xE803,0xA042,0xCDD7,0xFFFF,0xFFFF,0xDEDB,
  0x9CD3,0x94B2,0xA514,0xAD55,0x94B2,0x8430,0xB596,0xFFFF,0xFFFF,0xD69A,0xA3F0,0x6187,0x8C51,0xE71C,
  0xFFFF,0xFFFF,0xFFFF,0xFFFF,0xEF7D,0x3187,0x1082,0x18C4,0x18C3,0x0884,0x5A42,0xC4C3,0xEF16,0xFFFF,
  0xFFFF,0xFFFE,0xCDC9,0xA423,0x28E2,0x10C3,0x18A4,0x18C3,0x0841,0x5AAA,0xFFFF,0xFFDF,0xFFFF,0xFFFF,
  0xFFFF,0xDE9A,0x90A4,0xB004,0x8125,0x8B6C,0xD659,0xF7FF,0xFFFF,0xE71C,0x9492,0x8C51,0x7BEF,0xA534,
  0xF7BE,0xFFFF,0xFFFF,0xA451,0xA802,0xE843,0xA883,0x8125,0x9B0C,0xBD14,0xD69A,0xEF5D,0xF7DE,0xF7FF,
  0xEFDF,0xE75D,0xD659,0xB4B3,0x8AAB,0x8104,0xB023,0xD804,0xE024,0xB001,0xAC51,0xBE59,0xCE79,0xFFFF,
  0xBDD7,0x9492,0xA514,0x9492,0xC659,0xF7FF,0xFFFF,0xCDD7,0x928A,0x90C3,0xB043,0x9042,0xCDB6,0xFFFF,
  0xFFDF,0xFFFF,0xFFDF,0xFFFF,0x73AF,0x0021,0x18E4,0x18C3,0x18C3,0x1063,0x72E1,0xC4E4,0xF759,0xFFFF,
  0xFFFF,0xFFFF,0xD60D,0xAC82,0x4162,0x1083,0x18C4,0x18A3,0x18C2,0x1061,0xB596,0xFFFF,0xFFDF,0xFFFF,
  0xFFFF,0xC5D6,0xA042,0xF024,0xD823,0xA822,0x88A5,0x932C,0xDE79,0xFFFF,0xEF5D,0xEF3C,0xA514,0xA534,
  0xFFFF,0xFFDF,0xFFFF,0x92AB,0xC803,0xC823,0x9ACB,0xDEDB,0xFFFF,0xFFFF,0xFFFF,0xFFFF,0xFFFF,0xFFDF,
  0xFFFF,0xFFFF,0xFFFF,0xFFFF,0xFFFF,0xDEDA,0xABF0,0x8946,0xD044,0xD002,0x928B,0xE77D,0x8450,0xE73C,
  0xFFFF,0x9492,0xAD55,0xDEFB,0xFFFF,0xCDD7,0x8A8A,0x8883,0xC003,0xE043,0xF024,0xB803,0xB4F3,0xFFFF,
  0xFFFF,0xFFDF,0xFFFF,0xD69A,0x18A3,0x18C3,0x18C3,0x18C3,0x18C3,0x18A2,0x8B81,0xC546,0xFFBB,0xFFFF,
  0xFFFF,0xFFFF,0xE692,0xBCC0,0x5202,0x1082,0x18C4,0x18C3,0x18C3,0x1082,0x39E7,0xF7BE,0xFFFF,0xFFDF,
  0xFFFF,0xBCF4,0x9862,0xE822,0xE803,0xE824,0xE044,0xB823,0x88C5,0x836D,0xDEDB,0xFFFF,0xC618,0xE73C,
  0xFFFF,0xFFFF,0xE71C,0x8946,0xE023,0xA802,0xB471,0xFFFF,0xF73D,0xE73C,0xDEFB,0x8C30,0xB595,0xEF5D,
  0x8C71,0xDF1B,0xC617,0xFFFF,0xCE99,0xEF7D,0xFFFF,0xB513,0xA843,0xE844,0x7105,0xEEFC,0xDEFB,0x8451,
  0x9CB2,0xBDD7,0xFFFF,0xCE9A,0x6AAB,0x88A4,0xC024,0xD843,0xF003,0xE004,0xF003,0xB802,0xA430,0xFFFF,
  0xFFFF,0xFFFF,0xFFFF,0x5ACB,0x0862,0x18C4,0x18C3,0x18C3,0x10C3,0x28E1,0x9C01,0xC5C8,0xFFFE,0xFFFF,
  0xFFFF,0xFFFF,0xEF37,0xC502,0x72C3,0x0882,0x18C4,0x18A3,0x18C3,0x18C4,0x0841,0x9CD3,0xFFFF,0xFFBF,
  0xFFFF,0x942F,0xB964,0xD822,0xD822,0xE003,0xE803,0xF023,0xB843,0x7269,0x8C71,0x94D3,0xF7BE,0xFFFF,
  0xF7DE,0xFFFF,0xAD35,0x6042,0xE064,0xB803,0xAC51,0xDF3C,0x8BF0,0xDEFB,0xA514,0xC639,0x9CD3,0xC618,
  0x7BCF,0xB576,0xC5F8,0xCE59,0x9492,0x9471,0xF79E,0xC554,0xA084,0xC063,0x60A3,0xA4D3,0xFFFF,0xC639,
  0xBDD7,0xEF7D,0x9471,0x9D13,0xA4D2,0xA084,0xF023,0xE002,0xE003,0xD823,0xE803,0xC0A2,0x9B89,0xFFDF,
  0xFFFF,0xFFFF,0xBDD7,0x1082,0x18C3,0x18A3,0x18C3,0x18C3,0x10A3,0x4142,0xB461,0xCE4C,0xFFFF,0xFFDF,
  0xFFFF,0xFFFF,0xFFBC,0xC546,0x9BA2,0x10A2,0x18A3,0x18C3,0x18A3,0x18C4,0x1082,0x31A6,0xEF7D,0xFFFF,
  0xF79E,0x6B49,0xCB44,0xD041,0xE002,0xD803,0xE803,0xE823,0x9083,0xCDD7,0xFFFF,0xBE18,0x8430,0xD679,
  0xFFFF,0xF79E,0x8430,0xAC71,0x8904,0x9042,0xAC71,0xDF5D,0x83D0,0xC659,0x8C71,0xEF3C,0xCE59,0x94B2,
  0xB596,0x8430,0xCE59,0xCE79,0x9CD2,0xDEFB,0xFFDF,0xB534,0x6062,0x928A,0xDE79,0x7C50,0xEF9E,0xFFFF,
  0xD69A,0x7BD0,0xBD76,0xDEFB,0xB5D6,0x9105,0xD823,0xD822,0xE003,0xE023,0xD803,0xD223,0x9385,0xDEFC,
  0xFFFF,0xFFDF,0x4A6A,0x0862,0x18C4,0x18A3,0x18C3,0x18C4,0x1083,0x5A23,0xBCC1,0xE6D3,0xFFFF,0xFFFF,
  0xFFFF,0xFFFE,0xFFFF,0xD5EB,0xAC81,0x3123,0x1083,0x18C3,0x18A3,0x18A3,0x18E4,0x0841,0x9CD3,0xFFFF,
  0xC5F8,0x2942,0xBCA3,0xD181,0xE003,0xE023,0xE803,0xE023,0x90A4,0x6ACB,0x94B3,0x9D35,0x9CF3,0x5A89,
  0x9CF3,0xB555,0xA535,0xFFFF,0xD699,0x7248,0x83EE,0xFFFF,0x83D0,0xADB6,0xBE18,0xAD55,0xBDF7,0x8430,
  0xCE59,0x8C51,0x8410,0xDEBB,0xAD75,0xAD95,0xFFFF,0x9CF4,0x8C10,0xFFDF,0xFFFF,0xAD96,0x9CB2,0x8430,
  0x39C7,0x8C32,0x9472,0x94F3,0x6228,0x9864,0xD844,0xD823,0xE004,0xE804,0xD041,0xDC02,0x62A2,0xA515,
  0xFFFF,0xBDD7,0x1082,0x18C4,0x18A3,0x18A3,0x18A3,0x18C4,0x1082,0x8342,0xC544,0xF77B,0xFFFF,0xFFFE,
  0xFFFF,0xFFFF,0xFFFF,0xE6B3,0xBCE2,0x5A63,0x1083,0x18C4,0x18A3,0x18A3,0x18C3,0x1082,0x4208,0xFFFF,
  0x7BF0,0x0000,0x83A3,0xDB83,0xD021,0xF003,0xE023,0xD823,0xC844,0x8145,0xD618,0xD6DB,0xB5D7,0xAD34,
  0x5B2B,0x73AE,0xFF9E,0xFFDF,0xFFFF,0xE6FC,0x8C71,0xFFFF,0xBDF8,0xB5D6,0xFFFF,0xAD55,0xAD55,0xEF5D,
  0xF7BE,0xE75D,0xCE38,0x9492,0x94B2,0xD67A,0xFFFF,0x9D14,0xD6BB,0xFFFF,0xFFDF,0xFFBF,0x9472,0x9D14,
  0xDEBB,0xE71C,0xFFFF,0xC5F6,0x8905,0xD044,0xE803,0xE803,0xE803,0xD802,0xD1C1,0xBCA4,0x18E0,0x5A8B,
  0xFFFF,0x5ACB,0x0841,0x18C4,0x18A3,0x18A3,0x18C3,0x10A3,0x20E2,0xA442,0xCDA9,0xFFFE,0xFFFF,0xFFFF,
  0xFFFF,0xFFFF,0xFFFF,0xF77A,0xC506,0x8BA2,0x18A3,0x18C4,0x18A3,0x18A3,0x18C3,0x18C3,0x10A3,0xA514,
  0x39C7,0x0842,0x4142,0xC485,0xC981,0xE002,0xE003,0xE803,0xE023,0xB822,0x8208,0xF7BE,0xFFFF,0xFFFF,
  0xFFFF,0xFFDF,0xFFFF,0xF7FF,0xFFFF,0xEF3D,0x94D3,0xFFFF,0xEF7D,0xE73C,0xFFFF,0xFFFF,0xF79E,0xEF3C,
  0xEF3C,0xF79E,0xFFFF,0xFFDF,0xEF7E,0xFFFF,0xFFFF,0x9D13,0xC659,0xFFFF,0xFFFF,0xFFFF,0xFFFF,0xFFFF,
  0xFFFF,0xFFFF,0xCE37,0x80E5,0xD024,0xE823,0xE802,0xE002,0xE023,0xD041,0xDBC3,0x7343,0x0842,0x2904,
  0xA535,0x2124,0x10A3,0x18C3,0x18A3,0x18A3,0x18C3,0x1063,0x5223,0xBCC1,0xDE51,0xFFFF,0xFFFF,0xFFFF,
  0xFFFF,0xFFFF,0xFFFF,0xFFFF,0xCDEB,0xB481,0x3943,0x1865,0x18E2,0x18C4,0x18C3,0x18C4,0x18A3,0x2105,
  0x18C4,0x18C3,0x1082,0x7B44,0xE3A3,0xC841,0xE804,0xE805,0xE002,0xE823,0xB023,0x7A8A,0xEF9D,0xFFDF,
  0xFFDE,0xFFFF,0xFFFF,0xFFFF,0xFFFF,0xEF5D,0x9492,0xFFFF,0xFFFF,0xCE59,0x9CF4,0x738E,0x7987,0x8926,
  0x8926,0x81A7,0x736D,0xA4F4,0xCE59,0xF7DE,0xFFFF,0x9CF3,0xCE79,0xFFFF,0xFFDF,0xFFFF,0xF7FF,0xF7BE,
  0xFFFF,0xD638,0x7925,0xC044,0xE003,0xE003,0xE003,0xE003,0xD003,0xD202,0xBC63,0x2921,0x10A3,0x18C3,
  0x2105,0x18C4,0x18C3,0x18C3,0x18C4,0x20A3,0x10C3,0x1083,0x9381,0xC504,0xEF79,0xFFFF,0xFFFF,0xFFFF,
  0xFFFF,0xFFFF,0xFFFE,0xFFFF,0xE6F4,0xBD02,0x72E3,0x1862,0x18C3,0x18C3,0x18C3,0x18C4,0x18C4,0x10A4,
  0x18A4,0x18C3,0x10A2,0x2922,0xC465,0xDA42,0xD802,0xE802,0xE002,0xE005,0xE044,0xB802,0x8A6A,0xE79D,
  0xFFFF,0xFFBF,0xFFDF,0xFFFF,0xFFFF,0xEF5D,0x94B2,0xCE79,0x8410,0x9492,0xD6BA,0xAC31,0xA002,0xE024,
  0xD824,0xA802,0x932C,0xD6BA,0x94D2,0x7BEF,0xBDF7,0x9CF3,0xCE79,0xFFFF,0xFFFF,0xFFDF,0xFFFF,0xFFFF,
  0xC637,0x8905,0xC823,0xE024,0xD824,0xE002,0xF004,0xE004,0xC8C0,0xE444,0x6283,0x0882,0x18C3,0x18A4,
  0x18C3,0x18C3,0x18C3,0x18C3,0x18C3,0x20A4,0x10A4,0x3162,0xB482,0xCDAA,0xFFFE,0xFFDF,0xFFFF,0xFFFF,
  0xFFFF,0xFFFF,0xFFFE,0xFFFF,0xFFDD,0xC587,0xA462,0x3101,0x1884,0x18C3,0x18C3,0x18C4,0x18C4,0x18C4,
  0x18C4,0x18C3,0x18C3,0x1083,0x5243,0xD484,0xC960,0xD802,0xE005,0xE002,0xE021,0xF023,0xB023,0x8249,
  0xE6FB,0xFFFF,0xFFBF,0xFFDF,0xFFFF,0xF7BE,0x5ACB,0x8C51,0xDEFB,0xFFFF,0xFFFF,0xB410,0xB022,0xE823,
  0xE823,0xC801,0x9B0C,0xFFFF,0xFFFF,0xEF5D,0xA514,0x4208,0xDEFB,0xFFFF,0xFFBE,0xFFFF,0xFFFF,0xB514,
  0x80C4,0xC062,0xE822,0xE003,0xD804,0xE002,0xE803,0xC842,0xDB63,0x9BE3,0x10C2,0x10C4,0x18A3,0x18A4,
  0x18C3,0x18A3,0x18C3,0x18C3,0x18C3,0x18C5,0x1862,0x7302,0xBD03,0xE6D3,0xFFFF,0xFFDF,0xFFFF,0xFFFF,
  0xFFFF,0xFFFF,0xFFDF,0xFFFE,0xFFFF,0xE692,0xBCC2,0x6282,0x1063,0x18E2,0x18C3,0x18C4,0x18C4,0x18C4,
  0x18C3,0x10C4,0x18A4,0x18C3,0x1082,0x8363,0xDC04,0xC0A1,0xD805,0xE002,0xE003,0xE003,0xE824,0xC023,
  0x8166,0xC5B6,0xFFFF,0xFFFF,0xFFDF,0xFFFF,0x9CF3,0x9CD3,0xFFFF,0xF7DE,0xFFFF,0x9B8F,0xB022,0xE043,
  0xE023,0xD002,0x92AA,0xF7DF,0xFFDF,0xFFFF,0x9CD3,0x9CF3,0xFFDF,0xFFDF,0xFFFF,0xE75D,0x9B8D,0x9063,
  0xD824,0xE023,0xE002,0xE002,0xE002,0xE804,0xD001,0xCAA2,0xBC87,0x3122,0x08C4,0x10E3,0x18A4,0x18A3,
  0x18A3,0x18A3,0x18A3,0x18A3,0x18C3,0x08C3,0x30E2,0xB442,0xC568,0xFFDC,0xFFFF,0xFFFF,0xFFFF,0xFFFF,
  0xFFFF,0xFFFF,0xFFFF,0xFFFE,0xFFFF,0xFFBC,0xC546,0xA444,0x28E2,0x10C2,0x18A4,0x18A4,0x18A4,0x18A4,
  0x18C4,0x18A4,0x18A4,0x18C2,0x1885,0x20E2,0xA404,0xE342,0xC862,0xE004,0xE004,0xD804,0xD803,0xE044,
  0xC843,0x8883,0x9B8D,0xE73C,0xFFFF,0xFFFF,0xFFFF,0xA514,0x8430,0xFFBF,0xFFFF,0x9AEC,0xC003,0xE803,
  0xE803,0xD803,0x8A29,0xEFFF,0xF7DF,0x8410,0xA4F4,0xFFFF,0xFFFF,0xF7DE,0xB514,0x7988,0xA843,0xE024,
  0xE003,0xE004,0xE004,0xE002,0xE803,0xD803,0xD1E1,0xCCC5,0x4A02,0x1864,0x18C3,0x18C2,0x18A4,0x18C3,
  0x18C3,0x18A3,0x18C3,0x18A3,0x18C3,0x08A1,0x6AA4,0xC4A2,0xE692,0xFFFF,0xFFFF,0xFFFF,0xFFFF,0xFFFF,
  0xFFFF,0xFFFF,0xFFFF,0xFFFF,0xFFFF,0xFFFF,0xDEB2,0xBCE1,0x72C4,0x1063,0x18C3,0x18A3,0x18A4,0x18A4,
  0x18A4,0x18C3,0x18C3,0x18A3,0x18C3,0x1083,0x2921,0xB464,0xDB02,0xD021,0xE003,0xE003,0xE003,0xD803,
  0xE024,0xD864,0xA043,0x8167,0xB491,0xE73B,0xFFFF,0xFFFF,0xB5F7,0x8410,0xEF9E,0x9ACB,0xC803,0xE023,
  0xE003,0xD002,0x91A7,0xEF7D,0x9471,0xC618,0xFFFF,0xDEFA,0xB4D3,0x8A48,0x8863,0xD044,0xE844,0xE003,
  0xE004,0xE003,0xE003,0xE004,0xD804,0xD9A0,0xDC85,0x6264,0x1861,0x18E3,0x18A3,0x18A3,0x18C3,0x18C3,
  0x18C3,0x18A4,0x18C3,0x18C3,0x18A3,0x3143,0xAC83,0xC547,0xFFBD,0xFFFF,0xFFFF,0xFFFF,0xFFFF,0xFFFF,
  0xFFFF,0xFFFF,0xFFFF,0xFFFF,0xFFFF,0xFFFF,0xFFDD,0xC566,0xAC83,0x3144,0x10A2,0x18C3,0x18C3,0x18A4,
  0x18A3,0x18A3,0x18A3,0x18A3,0x18A3,0x18C3,0x0883,0x2961,0xBC84,0xDB25,0xC841,0xE801,0xF002,0xE003,
  0xD823,0xE002,0xE824,0xD024,0xA043,0x8166,0x9B2C,0xC514,0xEF3C,0xB5F7,0x742F,0x91C8,0xD803,0xE003,
  0xE803,0xD823,0x8945,0x5ACA,0x840F,0xACB2,0x82CA,0x8945,0xA823,0xD803,0xE824,0xE003,0xE803,0xE803,
  0xE003,0xF003,0xE802,0xD802,0xD1C1,0xDC84,0x62A4,0x0883,0x20A4,0x18C3,0x18C3,0x18C3,0x18A3,0x18A3,
  0x18A3,0x18A4,0x18A3,0x18C3,0x1881,0x8345,0xBD00,0xE6D3,0xFFFF,0xFFFF,0xFFFF,0xFFFF,0xFFFF,0xFFFF,
  0xFFFF,0xFFFF,0xFFFF,0xFFFF,0xFFFF,0xFFFF,0xFFFF,0xEED7,0xBD02,0x8B83,0x1081,0x18C3,0x18C3,0x18C4,
  0x18C3,0x18A3,0x18A3,0x18A3,0x18A3,0x18C3,0x10E4,0x08A4,0x3162,0xAC65,0xDB84,0xC8C1,0xD803,0xE023,
  0xE021,0xE002,0xD822,0xE003,0xE823,0xE004,0xB803,0xA023,0x80C4,0x9A2A,0x69A6,0x8842,0xD844,0xD823,
  0xE003,0xE023,0xB843,0x9044,0xA085,0xB003,0xD003,0xE804,0xE823,0xE003,0xE004,0xD804,0xE004,0xE004,
  0xD823,0xE005,0xC842,0xD261,0xD4A4,0x6284,0x0882,0x0901,0x18C3,0x18A3,0x18C3,0x18C3,0x18A4,0x18A3,
  0x18A3,0x18A4,0x18C3,0x1061,0x51E3,0xB4E2,0xC5A9,0xFFDE,0xFFFE,0xFFFF,0xFFFF,0xFFFF,0xFFFF,0xFFFF,
  0xFFFF,0xFFFF,0xFFFF,0xFFFF,0xFFFF,0xFFFF,0xFFFE,0xFFFF,0xD5ED,0xBCC1,0x5A43,0x0862,0x18C3,0x18C3,
  0x18C3,0x18A3,0x18A3,0x18A3,0x18A3,0x18C3,0x18A3,0x20A4,0x1083,0x2120,0x93E5,0xD445,0xC980,0xD001,
  0xE004,0xE023,0xD823,0xD803,0xE003,0xE803,0xE803,0xE823,0xD824,0xD003,0xC844,0xD843,0xD803,0xD803,
  0xE804,0xE002,0xE003,0xE804,0xE803,0xF023,0xE823,0xE003,0xE003,0xD803,0xE003,0xE003,0xE003,0xE023,
  0xD802,0xC8A0,0xDB43,0xBCA6,0x5241,0x1862,0x18C4,0x18C2,0x18C3,0x18C3,0x18C3,0x18C3,0x18A4,0x18C3,
  0x18C2,0x18C3,0x10A2,0x2102,0xA444,0xBCE2,0xEF59,0xF7FF,0xFFFE,0xFFFF,0xFFFF,0xFFFF,0xFFFF,0xFFFF,
  0xFFFF,0xFFFF,0xFFFF,0xFFFF,0xFFFF,0xFFFF,0xFFFF,0xFFFF,0xFFBB,0xC546,0xAC84,0x3962,0x1082,0x18C3,
  0x18A3,0x18A3,0x18A3,0x18A3,0x18A3,0x18A3,0x18A3,0x18A3,0x18C3,0x10A3,0x18C2,0x7B23,0xD4C3,0xDAC3,
  0xD083,0xD803,0xE003,0xE023,0xD822,0xD822,0xE022,0xE002,0xE803,0xE804,0xE004,0xE003,0xE003,0xE003,
  0xE803,0xE003,0xE003,0xD803,0xE003,0xE003,0xD803,0xD803,0xE003,0xE002,0xE803,0xF003,0xE002,0xD002,
  0xD1A1,0xDC23,0xA444,0x3983,0x1083,0x18C3,0x18A3,0x18A4,0x18C3,0x18C3,0x18A3,0x18C3,0x18C3,0x18C2,
  0x18C2,0x18C4,0x1882,0x8384,0xBCE1,0xDE51,0xFFFF,0xFFFE,0xFFFF,0xFFFF,0xFFFF,0xFFFF,0xFFFF,0xFFFF,
  0xFFFF,0xFFFF,0xFFFF,0xFFFF,0xFFFF,0xFFFF,0xFFFF,0xFFFF,0xFFFF,0xEF35,0xB4E3,0x9C03,0x20A2,0x1885,
  0x18C2,0x18A3,0x18A3,0x18A3,0x18A3,0x18A3,0x18A3,0x18A3,0x18C3,0x18E4,0x0863,0x0000,0x41C2,0xAC25,
  0xD443,0xD221,0xD061,0xE002,0xE002,0xE023,0xE003,0xE003,0xE002,0xE002,0xE003,0xE003,0xD803,0xD803,
  0xD803,0xD804,0xE003,0xE004,0xE004,0xE003,0xE003,0xE003,0xE003,0xE004,0xD804,0xD003,0xC961,0xDB62,
  0xCC83,0x72E3,0x10A1,0x0022,0x18C3,0x10C3,0x18C3,0x18C3,0x18C3,0x18A3,0x18A3,0x18C3,0x18C3,0x18C2,
  0x18C4,0x1044,0x6283,0xBCE1,0xCD89,0xFFDC,0xFFFF,0xFFFE,0xFFFF,0xFFFF,0xFFFF,0xFFFF,0xFFFF,0xFFFF,
  0xFFFF,0xFFFF,0xFFFF,0xFFFF,0xFFFF,0xFFFF,0xFFFF,0xFFFF,0xFFFF,0xFFFF,0xDE70,0xB4C3,0x8383,0x2082,
  0x18C3,0x18C3,0x18A3,0x18A3,0x18A3,0x18C3,0x18C3,0x18C3,0x18C4,0x1062,0x6B0B,0x8C72,0x2126,0x10A0,
  0x62A3,0xB485,0xD404,0xD242,0xD0C1,0xD002,0xD802,0xE003,0xE804,0xE804,0xE803,0xE803,0xE004,0xE004,
  0xE003,0xE003,0xE003,0xE003,0xE803,0xE804,0xE004,0xD802,0xD802,0xD062,0xD182,0xDB43,0xCC84,0x8BA3,
  0x3162,0x0842,0x31C9,0x8C91,0x2123,0x1082,0x18C4,0x18A3,0x18C3,0x18A3,0x18A3,0x18C3,0x18A3,0x18C4,
  0x1044,0x51E2,0xB4C3,0xBD05,0xF779,0xFFFF,0xFFFF,0xFFFF,0xFFFF,0xFFFF,0xFFFF,0xFFFF,0xFFFF,0xFFFF,
  0xFFFF,0xFFFF,0xFFFF,0xFFFF,0xFFFF,0xFFFF,0xFFFF,0xFFFF,0xFFFF,0xFFFF,0xFFFE,0xCE0E,0xB4E2,0x7B42,
  0x1882,0x18C4,0x18C3,0x18A3,0x18A3,0x18C3,0x18C3,0x18E4,0x0841,0x6B2D,0xFFFF,0xDEDB,0xD6DA,0x3186,
  0x0842,0x20E3,0x5AC3,0xAC64,0xD444,0xDB43,0xD201,0xD101,0xD041,0xD002,0xD001,0xD803,0xE003,0xE004,
  0xE004,0xE003,0xD802,0xD001,0xD001,0xD021,0xD0A1,0xD1A2,0xDAA3,0xDC04,0xC464,0x8B63,0x3982,0x0821,
  0x10A3,0x18A3,0xCE18,0xFFFF,0xBDD8,0x18A3,0x10A3,0x18C3,0x18A3,0x18C3,0x18A3,0x18C3,0x18E4,0x1063,
  0x4182,0xB4A3,0xBCC4,0xEF16,0xFFFF,0xFFFF,0xFFFF,0xFFFF,0xFFFF,0xFFFF,0xFFFF,0xFFFF,0xFFFF,0xFFFF,
  0xFFFF,0xFFFF,0xFFFF,0xFFFF,0xFFFF,0xFFFF,0xFFFF,0xFFFF,0xFFFF,0xFFFF,0xFFFF,0xFFFD,0xCDCA,0xB4E1,
  0x72C3,0x1862,0x18C3,0x18C3,0x18A3,0x18A3,0x18C3,0x1082,0x2145,0xF79E,0xAD75,0x4A69,0xFFFF,0x52AB,
  0x0020,0x2103,0x1822,0x1860,0x4202,0x7B63,0xB445,0xCC45,0xD403,0xD342,0xDA82,0xD222,0xD1C1,0xD181,
  0xD161,0xD181,0xD9E2,0xDA42,0xDAE3,0xDBA3,0xD425,0xBC65,0x93E3,0x5AA2,0x2942,0x0863,0x18C5,0x4A49,
  0x18E3,0x0841,0x8C31,0xD6BA,0xDEDB,0xBDD7,0x0861,0x18C3,0x18C3,0x18C3,0x10C2,0x18C4,0x1063,0x3962,
  0xACA3,0xBCC3,0xEE94,0xFFFF,0xFFFF,0xFFFF,0xFFFF,0xFFFF,0xFFFF,0xFFFF,0xFFFF,0xFFFF,0xFFFF,0xFFFF,
  0xFFFF,0xFFFF,0xFFFF,0xFFFF,0xFFFF,0xFFFF,0xFFFF,0xFFFF,0xFFFF,0xFFFF,0xFFFE,0xFFFF,0xFFDC,0xC5C9,
  0xBCA3,0x72E3,0x1882,0x18A4,0x18C3,0x18A3,0x18C3,0x0841,0xA534,0xFFFF,0x2966,0x2965,0x8430,0x10A3,
  0x52AA,0xEF5D,0xD6BB,0x5ACB,0x0841,0x0882,0x1040,0x3962,0x6263,0x7B23,0x93C3,0xA444,0xAC64,0xB444,
  0xB444,0xB444,0xAC44,0xA3E4,0x8B64,0x72E3,0x51E2,0x20C1,0x0001,0x0022,0x0862,0x0821,0x738E,0xFFFF,
  0x4229,0x0841,0x3186,0xE73D,0x738E,0xE73C,0xAD55,0x0841,0x10C2,0x10E2,0x18E4,0x1063,0x3981,0xA482,
  0xBCE2,0xE692,0xFFFF,0xFFFF,0xFFFF,0xFFFF,0xFFFF,0xFFFF,0xFFFF,0xFFFF,0xFFFF,0xFFFF,0xFFFF,0xFFFF,
  0xFFFF,0xFFFF,0xFFFF,0xFFFF,0xFFFF,0xFFFF,0xFFFF,0xFFFF,0xFFFF,0xFFFF,0xFFFF,0xFFFE,0xFFDF,0xFFDD,
  0xC5CA,0xB4E1,0x7B23,0x2082,0x18A4,0x18E4,0x1062,0x39C8,0xFFFF,0x7BEF,0x0000,0x0862,0x0841,0x18C3,
  0xE71C,0xBDF7,0x9CF3,0xF7BE,0x18E3,0x2944,0x630C,0x20E5,0x1043,0x1063,0x0041,0x0020,0x1060,0x28E2,
  0x28E3,0x1881,0x1060,0x1882,0x0021,0x0001,0x0842,0x2145,0x6B6D,0xC638,0xB5B6,0x2103,0x18E3,0xEF5D,
  0xB5B7,0x1082,0x0841,0xAD75,0xD6BA,0xCE59,0xFFFF,0xAD55,0x10C3,0x10C4,0x1044,0x49C1,0xACA2,0xB4C2,
  0xDE72,0xFFFF,0xF7FF,0xFFFE,0xFFFF,0xFFFF,0xFFFF,0xFFFF,0xFFFF,0xFFFF,0xFFFF,0xFFFF,0xFFFF,0xFFFF,
  0xFFFF,0xFFFF,0xFFFF,0xFFFF,0xFFFF,0xFFFF,0xFFFF,0xFFFF,0xFFFF,0xFFFF,0xFFFF,0xFFFE,0xFFFE,0xFFFF,
  0xFFFC,0xD5ED,0xB502,0x8B84,0x2903,0x18A2,0x0841,0x630C,0xFFFF,0x6B6D,0xC618,0x4A49,0x0841,0x5AEB,
  0xFFFF,0x4208,0x9CF3,0xE73C,0x0841,0x630C,0xFFFF,0x3A08,0x0882,0x10C3,0x52AB,0x94B3,0x6B4E,0x10A3,
  0x10A3,0x4229,0x5ACB,0x18C4,0x738F,0xBDF7,0x39A6,0x734D,0xFFFF,0x9CF3,0xFFFF,0x8C51,0x0000,0x7BCF,
  0xFFFF,0x4229,0x0021,0x4228,0xFFFF,0x73AF,0x630C,0xB5D6,0x18E4,0x1062,0x5A63,0xB4E3,0xB4E4,0xE693,
  0xFFFF,0xF7FF,0xFFFE,0xFFFF,0xFFFF,0xFFFF,0xFFFF,0xFFFF,0xFFFF,0xFFFF,0xFFFF,0xFFFF,0xFFFF,0xFFFF,
  0xFFFF,0xFFFF,0xFFFF,0xFFFF,0xFFFF,0xFFFF,0xFFFF,0xFFFF,0xFFFF,0xFFFF,0xFFFF,0xFFFF,0xFFFF,0xFFFF,
  0xFFFF,0xFFFF,0xDE50,0xBD03,0xA423,0x41A2,0x0880,0x18E2,0x9CF3,0xFFDF,0xDEFB,0x39A7,0x0021,0xBDF8,
  0xDEDB,0x3186,0xFFFF,0x8C71,0x0000,0x9CD4,0xEF5D,0x20E4,0x1062,0x39C7,0xFFDF,0xC638,0xFFFF,0x6B6E,
  0x0862,0xE73C,0xFFFF,0x39C7,0xB5B6,0xFFFF,0x6B2C,0x20E4,0xFFBF,0x6B4D,0xCE7A,0x8C51,0x0000,0x2125,
  0xEF5D,0xB5B6,0x0841,0x1082,0xCE79,0x9CF2,0x0020,0x0841,0x18C2,0x8344,0xBCE1,0xBD05,0xEEF5,0xFFFF,
  0xFFFE,0xFFFE,0xFFFF,0xFFFE,0xFFFF,0xFFFF,0xFFFF,0xFFFF,0xFFFF,0xFFFF,0xFFFF,0xFFFF,0xFFFF,0xFFFF,
  0xFFFF,0xFFFF,0xFFFF,0xFFFF,0xFFFF,0xFFFF,0xFFFF,0xFFFF,0xFFFF,0xFFFF,0xFFFF,0xFFFF,0xFFFF,0xFFFF,
  0xFFFF,0xFFFF,0xFFFF,0xE6F3,0xBD25,0xB4A4,0x72C3,0x18A2,0x0842,0x39E7,0x2124,0x0842,0x2966,0xFFDF,
  0x6B4C,0x738E,0xFFFF,0x3186,0x0841,0xD6BA,0xC5F7,0x1062,0x0842,0x632D,0xFFFF,0x2965,0xDEDB,0x9CF4,
  0x0020,0xC638,0xF79E,0x73AE,0x94B2,0xEF7E,0x8C71,0x0000,0xBDD7,0xFFDF,0xE71C,0xCE79,0x39E8,0x0001,
  0x83F0,0xFFFF,0x5289,0x0041,0x4A4A,0x41E7,0x1060,0x41A3,0xA405,0xBCE2,0xC568,0xF778,0xFFFF,0xFFFF,
  0xFFFF,0xFFFF,0xFFFF,0xFFFF,0xFFFF,0xFFFF,0xFFFF,0xFFFF,0xFFFF,0xFFFF,0xFFFF,0xFFFF,0xFFFF,0xFFFF,
  0xFFFF,0xFFFF,0xFFFF,0xFFFF,0xFFFF,0xFFFF,0xFFFF,0xFFFF,0xFFFF,0xFFFF,0xFFFF,0xFFFF,0xFFFF,0xFFFF,
  0xFFFF,0xFFFF,0xFFFF,0xFFFF,0xF77A,0xCD8B,0xBCC4,0x93E4,0x41C2,0x0861,0x10A3,0x10A2,0x31A5,0xFFDF,
  0x9CF4,0xEF5D,0xBDD7,0x0020,0x2945,0xFFDF,0x8C51,0x0862,0x0842,0x738E,0xFFDF,0x3186,0xEF5D,0x9492,
  0x0000,0xAD75,0xDEFB,0xA514,0x9CD3,0xDEDB,0xB596,0x0000,0x6B6D,0xFFFF,0x4208,0xE71C,0xB596,0x0841,
  0x2105,0xDEDB,0x8411,0x0861,0x0860,0x20C1,0x7B24,0xB4C3,0xC4C3,0xDE0E,0xFFDB,0xFFFF,0xFFFF,0xFFFF,
  0xFFFF,0xFFFF,0xFFFF,0xFFFF,0xFFFF,0xFFFF,0xFFFF,0xFFFF,0xFFFF,0xFFFF,0xFFFF,0xFFFF,0xFFFF,0xFFFF,
  0xFFFF,0xFFFF,0xFFFF,0xFFFF,0xFFFF,0xFFFF,0xFFFF,0xFFFF,0xFFFF,0xFFFF,0xFFFF,0xFFFF,0xFFFF,0xFFFF,
  0xFFFF,0xFFFF,0xFFFF,0xFFDF,0xFFFF,0xFFFD,0xDEB2,0xC544,0xB4A2,0x8344,0x3163,0x1062,0x1042,0x5ACB,
  0xCE58,0xC638,0x39C7,0x0020,0x528A,0xFFFF,0x39E8,0x0021,0x0862,0x8410,0xF79E,0x31A6,0xF79E,0x8430,
  0x0000,0x9CF3,0xC638,0xBDF7,0xBDD7,0xB596,0xC638,0x0841,0x2965,0xF79E,0x8410,0xD69A,0xCE59,0x1082,
  0x10C3,0x2105,0x1863,0x20A2,0x6284,0xA463,0xBD00,0xC546,0xEEF6,0xFFFF,0xFFFF,0xFFFF,0xFFFF,0xFFFF,
  0xFFFF,0xFFFF,0xFFFF,0xFFFF,0xFFFF,0xFFFF,0xFFFF,0xFFFF,0xFFFF,0xFFFF,0xFFFF,0xFFFF,0xFFFF,0xFFFF,
  0xFFFF,0xFFFF,0xFFFF,0xFFFF,0xFFFF,0xFFFF,0xFFFF,0xFFFF,0xFFFF,0xFFFF,0xFFFF,0xFFFF,0xFFFF,0xFFFF,
  0xFFFF,0xFFFF,0xFFFF,0xFFFF,0xFFFE,0xF7FE,0xFFFF,0xF77B,0xD60E,0xC503,0xACA2,0x7B43,0x4182,0x1021,
  0x0021,0x0862,0x18A2,0x0841,0x8410,0xFFFF,0xAD55,0x528A,0x0020,0x8C72,0xEF5D,0x3186,0xFFDF,0x73AE,
  0x0000,0x8430,0xBDF7,0xB596,0xEF5D,0x8410,0xE73C,0x2104,0x0862,0xB596,0xFFDF,0xAD56,0x39C7,0x0862,
  0x1084,0x2901,0x6AA2,0xA423,0xBCC3,0xBD04,0xDE70,0xFFBC,0xFFFF,0xFFFF,0xFFFF,0xFFFF,0xFFFF,0xFFFF,
  0xFFFF,0xFFFF,0xFFFF,0xFFFF,0xFFFF,0xFFFF,0xFFFF,0xFFFF,0xFFFF,0xFFFF,0xFFFF,0xFFFF,0xFFFF,0xFFFF,
  0xFFFF,0xFFFF,0xFFFF,0xFFFF,0xFFFF,0xFFFF,0xFFFF,0xFFFF,0xFFFF,0xFFFF,0xFFFF,0xFFFF,0xFFFF,0xFFFF,
  0xFFFF,0xFFFF,0xFFFF,0xFFFF,0xFFFF,0xFFFF,0xFFDF,0xFFFF,0xFFFE,0xEF58,0xDDED,0xBD06,0xACA3,0x8BA2,
  0x5242,0x2122,0x10A2,0x0862,0x2965,0x5B2B,0xAD75,0x73AE,0x0820,0x5ACB,0xFFDF,0xDEDA,0xFFBE,0x39E7,
  0x0000,0x6B4D,0xDEDB,0x8C30,0xF79E,0x5AEB,0xCE79,0x2965,0x0881,0x31C6,0x2967,0x0001,0x1061,0x39A2,
  0x7321,0xA462,0xBCE3,0xC505,0xD60D,0xF79A,0xFFFF,0xFFFF,0xFFFF,0xFFFF,0xFFFF,0xFFFF,0xFFFF,0xFFFF,
  0xFFFF,0xFFFF,0xFFFF,0xFFFF,0xFFFF,0xFFFF,0xFFFF,0xFFFF,0xFFFF,0xFFFF,0xFFFF,0xFFFF,0xFFFF,0xFFFF,
  0xFFFF,0xFFFF,0xFFFF,0xFFFF,0xFFFF,0xFFFF,0xFFFF,0xFFFF,0xFFFF,0xFFFF,0xFFFF,0xFFFF,0xFFFF,0xFFFF,
  0xFFFF,0xFFFF,0xFFFF,0xFFFF,0xFFFF,0xFFFF,0xFFFF,0xFFFF,0xFFFF,0xFFFF,0xFFFF,0xEF58,0xD64E,0xC566,
  0xB4E2,0xA442,0x7B23,0x5223,0x2922,0x0841,0x0001,0x0841,0x1083,0x0882,0x4229,0x73AF,0x4229,0x10A3,
  0x10A3,0x2986,0x6B4D,0x2145,0x39E8,0x10A3,0x10A3,0x1082,0x18A3,0x20C2,0x3962,0x6AC4,0x93E3,0xB4C2,
  0xC4E2,0xC546,0xD650,0xF79A,0xFFFF,0xFFFF,0xFFFF,0xFFFF,0xFFFF,0xFFFF,0xFFFF,0xFFFF,0xFFFF,0xFFFF,
  0xFFFF,0xFFFF,0xFFFF,0xFFFF,0xFFFF,0xFFFF,0xFFFF,0xFFFF,0xFFFF,0xFFFF,0xFFFF,0xFFFF,0xFFFF,0xFFFF,
  0xFFFF,0xFFFF,0xFFFF,0xFFFF,0xFFFF,0xFFFF,0xFFFF,0xFFFF,0xFFFF,0xFFFF,0xFFFF,0xFFFF,0xFFFF,0xFFFF,
  0xFFFF,0xFFFF,0xFFFF,0xFFFF,0xFFFF,0xFFFF,0xFFFF,0xFFFF,0xFFFF,0xFFFF,0xF7FF,0xFFFF,0xFFFE,0xF7DB,
  0xE6D4,0xD5CC,0xC564,0xBCE1,0xAC63,0xA3C4,0x8323,0x6282,0x4202,0x3182,0x20C1,0x1040,0x1061,0x20C3,
  0x20C3,0x18A2,0x1060,0x20E2,0x2901,0x41C2,0x5242,0x72E2,0x9382,0xAC43,0xBCA1,0xC520,0xC546,0xD5CD,
  0xE6F5,0xFFDC,0xFFFF,0xFFFF,0xFFFF,0xFFFF,0xFFFF,0xFFFF,0xFFFF,0xFFFF,0xFFFF,0xFFFF,0xFFFF,0xFFFF,
  0xFFFF,0xFFFF,0xFFFF,0xFFFF,0xFFFF,0xFFFF,0xFFFF,0xFFFF,0xFFFF,0xFFFF,0xFFFF,0xFFFF,0xFFFF,0xFFFF,
  0xFFFF,0xFFFF,0xFFFF,0xFFFF,0xFFFF,0xFFFF,0xFFFF,0xFFFF,0xFFFF,0xFFFF,0xFFFF,0xFFFF,0xFFFF,0xFFFF,
  0xFFFF,0xFFFF,0xFFFF,0xFFFF,0xFFFF,0xFFFF,0xFFFF,0xFFFF,0xFFFF,0xFFFF,0xFFFF,0xFFFF,0xFFFF,0xFFFF,
  0xFFFF,0xFFFF,0xF79A,0xE714,0xD66E,0xCDA7,0xC545,0xBD04,0xBCA3,0xB462,0xAC62,0xA442,0x9BE2,0x9BC2,
  0x9BC2,0x9BE2,0xA422,0xA442,0xAC82,0xBC82,0xC4C3,0xC504,0xC545,0xC5C8,0xD66E,0xEF15,0xFFBB,0xFFFF,
  0xFFFF,0xFFFF,0xFFFF,0xFFFF,0xFFFF,0xFFFF,0xFFFF,0xFFFF,0xFFFF,0xFFFF,0xFFFF,0xFFFF,0xFFFF,0xFFFF,
  0xFFFF,0xFFFF,0xFFFF,0xFFFF,0xFFFF,0xFFFF,0xFFFF,0xFFFF,0xFFFF,0xFFFF,0xFFFF,0xFFFF,0xFFFF,0xFFFF,
  0xFFFF,0xFFFF,0xFFFF,0xFFFF,0xFFFF,0xFFFF,0xFFFF,0xFFFF,0xFFFF,0xFFFF,0xFFFF,0xFFFF,0xFFFF,0xFFFF,
  0xFFFF,0xFFFF,0xFFFF,0xFFFF,0xFFFF,0xFFFF,0xFFFF,0xFFFF,0xFFFF,0xFFFF,0xFFFF,0xFFFF,0xFFFE,0xFFFF,
  0xFFFF,0xFFFF,0xFFFF,0xFFFF,0xFFFF,0xFFFE,0xF77B,0xEF37,0xE6D3,0xE690,0xDE4E,0xD60D,0xD62D,0xD62D,
  0xD62D,0xD62D,0xD60D,0xD60D,0xDE4D,0xE670,0xE6D4,0xEF38,0xF79C,0xFFFF,0xFFFF,0xFFFF,0xFFFF,0xFFDF,
  0xFFFF,0xFFFF,0xFFFE,0xFFFF,0xFFFF,0xFFFF,0xFFFF,0xFFFF,0xFFFF,0xFFFF,0xFFFF,0xFFFF,0xFFFF,0xFFFF,
  0xFFFF,0xFFFF,0xFFFF,0xFFFF,0xFFFF,0xFFFF,0xFFFF,0xFFFF,0xFFFF,0xFFFF,0xFFFF,0xFFFF,0xFFFF,0xFFFF,
  0xFFFF,0xFFFF,0xFFFF,0xFFFF,0xFFFF,0xFFFF,0xFFFF,0xFFFF,0xFFFF,0xFFFF,0xFFFF,0xFFFF,0xFFFF,0xFFFF,
  0xFFFF,0xFFFF,0xFFFF,0xFFFF,0xFFFF,0xFFFF,0xFFFF,0xFFFF,0xFFFF,0xFFFF,0xFFFF,0xFFFF,0xFFFF,0xFFFF,
  0xFFFF,0xFFFF,0xFFFF,0xFFFE,0xFFFF,0xFFFF,0xFFFF,0xFFFF,0xFFFF,0xFFFF,0xFFFF,0xFFFF,0xFFFF,0xFFFF,
  0xFFFF,0xFFFF,0xFFFF,0xFFFF,0xFFFF,0xFFFF,0xFFFF,0xFFFF,0xFFFF,0xFFFF,0xFFFF,0xFFFF,0xFFFF,0xFFFF,
  0xFFFF,0xFFFF,0xFFFF,0xFFFF,0xFFFF,0xFFFF,0xFFFF,0xFFFF,0xFFFF,0xFFFF,0xFFFF,0xFFFF,0xFFFF,0xFFFF,
  0xFFFF,0xFFFF,0xFFFF,0xFFFF,0xFFFF,0xFFFF,0xFFFF,0xFFFF,0xFFFF,0xFFFF,0xFFFF,0xFFFF,0xFFFF,0xFFFF,
  0xFFFF,0xFFFF,0xFFFF,0xFFFF,0xFFFF,0xFFFF,0xFFFF,0xFFFF,0xFFFF,0xFFFF,0xFFFF,0xFFFF,0xFFFF,0xFFFF,
  0xFFFF,0xFFFF,0xFFFF,0xFFFF,0xFFFF,0xFFFF,0xFFFF,0xFFFF,0xFFFF,0xFFFF,0xFFFF,0xFFFF,0xFFFF,0xFFFF,
  0xFFFF,0xFFFF,0xFFFF,0xFFFF,0xFFFF,0xFFFF,0xFFFF,0xFFFF,0xFFFF,0xFFFF,0xFFFF,0xFFFF,0xFFFF,0xFFFF,
  0xFFFF,0xFFFF,0xFFFF,0xFFFF,0xFFFF,0xFFFF,0xFFFF,0xFFFF,0xFFFF,0xFFFF,0xFFFF,0xFFFF,0xFFFF,0xFFFF,
  0xFFFF,0xFFFF,0xFFFF,0xFFFF,0xFFFF,0xFFFF,0xFFFF,0xFFFF,0xFFFF,0xFFFF,0xFFFF,0xFFFF,0xFFFF,0xFFFF,
  0xFFFF,0xFFFF,0xFFFF,0xFFFF,0xFFFF,0xFFFF,0xFFFF,0xFFFF,0xFFFF,0xFFFF,0xFFFF,0xFFFF,0xFFFF,0xFFFF,
  0xFFFF,0xFFFF,0xFFFF,0xFFFF,0xFFFF,0xFFFF,0xFFFF,0xFFFF,0xFFFF,0xFFFF,0xFFFF,0xFFFF,0xFFFF,0xFFFF,
  0xFFFF,0xFFFF,0xFFFF,0xFFFF,0xFFFF,0xFFFF,0xFFFF,0xFFFF,0xFFFF,0xFFFF,0xFFFF,0xFFFF,0xFFFF,0xFFFF,
  0xFFFF,0xFFFF,0xFFFF,0xFFFF,0xFFFF,0xFFFF,0xFFFF,0xFFFF,0xFFFF,0xFFFF,0xFFFF,0xFFFF,0xFFFF,0xFFFF,
  0xFFFF,0xFFFF,0xFFFF,0xFFFF,0xFFFF,0xFFFF,0xFFFF,0xFFFF,0xFFFF,0xFFFF,0xFFFF,0xFFFF,0xFFFF,0xFFFF,
  0xFFFF,0xFFFF,0xFFFF,0xFFFF,0xFFFF,0xFFFF,0xFFFF,0xFFFF,0xFFFF,0xFFFF,0xFFFF,0xFFFF,0xFFFF,0xFFFF,
  0xFFFF,0xFFFF,0xFFFF,0xFFFF,0xFFFF,0xFFFF,0xFFFF,0xFFFF,0xFFFF,0xFFFF,0xFFFF,0xFFFF,0xFFFF,0xFFFF,
};

static const uint16_t PROGMEM logo_ingenieria_industrial[84 * 84] = {
  0xEF7E,0xE75E,0xE75E,0xF7BE,0xFFDF,0xFFFF,0xFFFF,0xFFFF,0xFFFF,0xFFFF,0xFFFF,0xFFFF,0xFFFF,0xFFFF,
  0xFFFF,0xFFFF,0xFFFF,0xFFFF,0xFFFF,0xFFFF,0xFFFF,0xFFFF,0xFFFF,0xFFFF,0xFFFF,0xFFFF,0xFFFF,0xFFFF,
  0xFFFF,0xFFFF,0xFFFF,0xFFFF,0xFFFF,0xFFFF,0xFFFF,0xFFFF,0xFFFF,0xFFFF,0xFFFF,0xFFFF,0xFFFF,0xFFFF,
  0xFFFF,0xFFFF,0xFFFF,0xFFFF,0xFFFF,0xFFFF,0xFFFF,0xFFFF,0xFFFF,0xFFFF,0xFFFF,0xFFFF,0xFFFF,0xFFFF,
  0xFFFF,0xFFFF,0xFFFF,0xFFFF,0xFFFF,0xFFFF,0xFFFF,0xFFFF,0xFFFF,0xFFFF,0xFFFF,0xFFFF,0xFFFF,0xFFFF,
  0xFFFF,0xFFFF,0xFFFF,0xFFFF,0xFFFF,0xFFFF,0xFFFF,0xFFFF,0xFFFF,0xFFFF,0xFFFF,0xFFFF,0xFFFF,0xFFFF,
  0xF7BE,0xF7BE,0xFFBE,0xFFDF,0xFFFF,0xFFFF,0xFFFF,0xFFFF,0xFFFF,0xFFFF,0xFFFF,0xFFFF,0xFFFF,0xFFFF,
  0xFFFF,0xFFFF,0xFFFF,0xFFFF,0xFFFF,0xFFFF,0xFFFF,0xFFFF,0xFFFF,0xFFFF,0xFFFF,0xFFFF,0xFFFF,0xFFFF,
  0xFFFF,0xFFFF,0xFFFF,0xFFFF,0xFFFF,0xFFFF,0xFFFF,0xFFFF,0xFFFF,0xFFFF,0xFFFF,0xFFFF,0xFFFF,0xFFFF,
  0xFFFF,0xFFFF,0xFFFF,0xFFFF,0xFFFF,0xFFFF,0xFFFF,0xFFFF,0xFFFF,0xFFFF,0xFFFF,0xFFFF,0xFFFF,0xFFFF,
  0xFFFF,0xFFFF,0xFFFF,0xFFFF,0xFFFF,0xFFFF,0xFFFF,0xFFFF,0xFFFF,0xFFFF,0xFFFF,0xFFFF,0xFFFF,0xFFFF,
  0xFFFF,0xFFFF,0xFFFF,0xFFFF,0xFFFF,0xFFFF,0xFFFF,0xFFFF,0xFFFF,0xFFFF,0xFFFF,0xFFFF,0xFFFF,0xFFFF,
  0xFFFF,0xFFFF,0xFFFF,0xFFFF,0xFFFF,0xFFFF,0xFFFF,0xFFFF,0xFFFF,0xFFFF,0xFFFF,0xFFFF,0xFFFF,0xFFFF,
  0xFFFF,0xFFFF,0xFFFF,0xFFFF,0xFFFF,0xFFFF,0xFFFF,0xFFFF,0xFFFF,0xFFFF,0xFFFF,0xFFFF,0xFFFF,0xFFFF,
  0xFFFF,0xFFFF,0xFFFF,0xFFFF,0xFFFF,0xFFFF,0xFFFF,0xFFFF,0xFFFF,0xFFFF,0xFFFF,0xFFFF,0xFFFF,0xFFFF,
  0xFFFF,0xFFFF,0xFFFF,0xFFFF,0xFFFF,0xFFFF,0xFFFF,0xFFFF,0xFFFF,0xFFFF,0xFFFF,0xFFFF,0xFFFF,0xFFFF,
  0xFFFF,0xFFFF,0xFFFF,0xFFFF,0xFFFF,0xFFFF,0xFFFF,0xFFFF,0xFFFF,0xFFFF,0xFFFF,0xFFFF,0xFFFF,0xFFFF,
  0xFFFF,0xFFFF,0xFFFF,0xFFFF,0xFFFF,0xFFFF,0xFFFF,0xFFFF,0xFFFF,0xFFFF,0xFFFF,0xFFFF,0xFFFF,0xFFFF,
  0xFFFF,0xFFFF,0xFFFF,0xFFFF,0xFFFF,0xFFFF,0xFFFF,0xFFFF,0xFFFF,0xFFFF,0xFFFF,0xFFFF,0xFFFF,0xFFFF,
  0xFFFF,0xFFFF,0xFFFF,0xFFFF,0xFFFF,0xFFFF,0xFFFF,0xFFFF,0xFFFF,0xFFFF,0xFFFF,0xFFFF,0xFFFF,0xFFFF,
  0xFFFF,0xFFFF,0xFFFF,0xFFFF,0xFFFF,0xFFFF,0xFFFF,0xFFFF,0xFFFF,0xFFFF,0xFFFF,0xFFFF,0xFFFF,0xFFFF,
  0xFFFF,0xFFFF,0xFFFF,0xFFFF,0xFFFF,0xFFFF,0xFFFF,0xFFFF,0xFFFF,0xFFDF,0xFFFF,0xFFFF,0xFFFF,0xFFFF,
  0xFFFF,0xFFFF,0xFFFF,0xFFFF,0xFFFF,0xFFFF,0xFFFF,0xFFFF,0xFFFF,0xFFFF,0xFFFF,0xFFFF,0xFFFF,0xFFFF,
  0xFFFF,0xFFFF,0xFFFF,0xFFFF,0xFFFF,0xFFFF,0xFFFF,0xFFFF,0xFFFF,0xFFFF,0xFFFF,0xFFFF,0xFFFF,0xFFFF,
  0xF7BE,0xF79E,0xF7BE,0xFFFF,0xFFFF,0xFFFF,0xFFFF,0xFFFF,0xFFFF,0xFFFF,0xFFFF,0xFFFF,0xFFFF,0xFFFF,
  0xFFFF,0xFFFF,0xFFFF,0xFFFF,0xFFFF,0xFFFF,0xFFFF,0xFFFF,0xFFFF,0xFFFF,0xFFFF,0xFFFF,0xFFDF,0xFFFF,
  0xFFDF,0xFFFF,0xFFFF,0xFFFF,0xFFDF,0xFFDF,0xFFFF,0xE73C,0xA514,0x9CD3,0xF79E,0xB596,0x52AA,0x8430,
  0xFFFF,0xFFFF,0xFFFF,0xBDD7,0xAD55,0xCE79,0xF7BE,0xFFFF,0xFFFF,0xFFFF,0xFFFF,0xFFFF,0xFFDF,0xFFDF,
  0xFFFF,0xFFFF,0xFFFF,0xFFFF,0xFFFF,0xFFFF,0xFFFF,0xFFFF,0xFFFF,0xFFFF,0xFFFF,0xFFFF,0xFFFF,0xFFFF,
  0xFFFF,0xFFFF,0xFFFF,0xFFFF,0xFFFF,0xFFFF,0xFFFF,0xFFFF,0xFFFF,0xFFFF,0xFFFF,0xFFFF,0xFFDF,0xF79E,
  0xF79E,0xF79E,0xF7BE,0xFFFF,0xFFFF,0xFFFF,0xFFFF,0xFFFF,0xFFFF,0xFFFF,0xFFFF,0xFFFF,0xFFFF,0xFFFF,
  0xFFFF,0xFFFF,0xFFFF,0xFFFF,0xFFFF,0xFFFF,0xFFFF,0xFFFF,0xFFFF,0xFFFF,0xFFFF,0xFFFF,0xFFFF,0xFFFF,
  0xFFFF,0xFFFF,0xF79E,0xDEDB,0xFFFF,0xFFFF,0xFFFF,0xB5B6,0x0000,0x0000,0xB5B6,0x8C71,0x0000,0x31A6,
  0xFFFF,0xFFFF,0xFFFF,0x4A69,0x0000,0x2104,0xE71C,0xFFFF,0xF7BE,0xBDD7,0xCE79,0xFFFF,0xFFFF,0xFFFF,
  0xFFFF,0xFFFF,0xFFFF,0xFFFF,0xFFFF,0xFFFF,0xFFFF,0xFFFF,0xFFFF,0xFFFF,0xFFFF,0xFFFF,0xFFFF,0xFFFF,
  0xFFFF,0xFFFF,0xFFFF,0xFFFF,0xFFFF,0xFFFF,0xFFFF,0xFFFF,0xFFFF,0xFFFF,0xFFFF,0xFFFF,0xFFDF,0xF79E,
  0xF79E,0xF79E,0xF7BE,0xFFFF,0xFFFF,0xFFFF,0xFFFF,0xFFFF,0xFFFF,0xFFFF,0xFFFF,0xFFFF,0xFFFF,0xFFFF,
  0xFFFF,0xFFFF,0xFFFF,0xFFFF,0xFFFF,0xFFFF,0xFFFF,0xFFFF,0xFFFF,0xFFFF,0xFFFF,0xFFDF,0xFFFF,0xF7BE,
  0xC638,0x7BCF,0x2945,0x2124,0xE73C,0xFFFF,0xFFFF,0xC638,0x1082,0x0000,0x5ACB,0x9CF3,0x0000,0x3186,
  0xF7BE,0xFFFF,0xF79E,0x31A6,0x0000,0x39C7,0xEF7D,0xFFFF,0xD6BA,0x1082,0x0861,0x4228,0x8430,0xDEDB,
  0xFFFF,0xFFFF,0xFFFF,0xFFDF,0xFFFF,0xFFFF,0xFFFF,0xFFFF,0xFFFF,0xFFFF,0xFFFF,0xFFFF,0xFFFF,0xFFFF,
  0xFFFF,0xFFFF,0xFFFF,0xFFFF,0xFFFF,0xFFFF,0xFFFF,0xFFFF,0xFFFF,0xFFFF,0xFFFF,0xFFFF,0xFFDF,0xF79E,
  0xF79E,0xF79E,0xF7BE,0xFFFF,0xFFFF,0xFFFF,0xFFFF,0xFFFF,0xFFFF,0xFFFF,0xFFFF,0xFFFF,0xFFFF,0xFFFF,
  0xFFFF,0xFFFF,0xFFFF,0xFFFF,0xFFFF,0xFFFF,0xFFFF,0xFFFF,0xFFFF,0xFFFF,0xFFDF,0xFFDF,0xFFFF,0x9CD3,
  0x0020,0x0000,0x0000,0x2104,0xCE59,0xFFFF,0xFFFF,0xD6BA,0x1082,0x0000,0x18C3,0x73AE,0x0000,0x2104,
  0xE73C,0xFFFF,0xE73C,0x18E3,0x0000,0x4A69,0xFFFF,0xFFFF,0x9CF3,0x0000,0x0000,0x0000,0x0000,0xA514,
  0xFFFF,0xFFDF,0xFFFF,0xFFFF,0xFFFF,0xFFDF,0xFFFF,0xFFFF,0xFFFF,0xFFFF,0xFFFF,0xFFFF,0xFFFF,0xFFFF,
  0xFFFF,0xFFFF,0xFFFF,0xFFFF,0xFFFF,0xFFFF,0xFFFF,0xFFFF,0xFFFF,0xFFFF,0xFFFF,0xFFFF,0xFFDF,0xF79E,
  0xF79E,0xF79E,0xF7BE,0xFFFF,0xFFFF,0xFFFF,0xFFFF,0xFFFF,0xFFFF,0xFFFF,0xFFFF,0xFFFF,0xFFFF,0xFFFF,
  0xFFFF,0xFFFF,0xFFFF,0xFFFF,0xFFFF,0xFFFF,0xFFFF,0xFFDF,0xFFFF,0xFFFF,0xFFDF,0xFFDF,0xFFFF,0xCE59,
  0x0861,0x0000,0x31A6,0xEF5D,0xFFFF,0xFFDF,0xFFFF,0xE73C,0x10A2,0x0000,0x0000,0x2945,0x0841,0x10A2,
  0xDEDB,0xFFFF,0xD69A,0x1082,0x0000,0x632C,0xFFFF,0xFFFF,0x5ACB,0x0000,0x1082,0x73AE,0x630C,0xDEDB,
  0xFFFF,0xFFFF,0x94B2,0x8410,0xEF7D,0xFFFF,0xFFDF,0xFFFF,0xFFFF,0xFFFF,0xFFFF,0xFFFF,0xFFFF,0xFFFF,
  0xFFFF,0xFFFF,0xFFFF,0xFFFF,0xFFFF,0xFFFF,0xFFFF,0xFFFF,0xFFFF,0xFFFF,0xFFFF,0xFFFF,0xFFDF,0xF79E,
  0xF79E,0xF79E,0xF7BE,0xFFFF,0xFFFF,0xFFFF,0xFFFF,0xFFFF,0xFFFF,0xFFFF,0xFFFF,0xFFFF,0xFFFF,0xFFFF,
  0xFFFF,0xFFFF,0xFFFF,0xFFFF,0xFFFF,0xFFDF,0xFFFF,0xFFFF,0xEF7D,0xEF7D,0xFFFF,0xFFDF,0xFFDF,0xFFDF,
  0x4A49,0x0000,0x10A2,0xBDF7,0xBDF7,0xEF7D,0xFFFF,0xF79D,0x2104,0x0000,0x0000,0x0000,0x0000,0x1082,
  0xCE59,0xFFFF,0xAD75,0x0000,0x0000,0x8430,0xFFFF,0xE71C,0x2104,0x0000,0x39E7,0xFFFF,0xFFFF,0xFFDF,
  0xFFFF,0xE71C,0x18E3,0x0000,0x2965,0xAD55,0xFFDF,0xFFDF,0xFFFF,0xFFFF,0xFFFF,0xFFFF,0xFFFF,0xFFFF,
  0xFFFF,0xFFFF,0xFFFF,0xFFFF,0xFFFF,0xFFFF,0xFFFF,0xFFFF,0xFFFF,0xFFFF,0xFFFF,0xFFFF,0xFFDF,0xF79E,
  0xF79E,0xF79E,0xF7BE,0xFFFF,0xFFFF,0xFFFF,0xFFFF,0xFFFF,0xFFFF,0xFFFF,0xFFFF,0xFFFF,0xFFFF,0xFFFF,
  0xFFFF,0xFFFF,0xFFFF,0xFFFF,0xFFFF,0xFFFF,0xE73C,0x6B6D,0x2945,0x3186,0xA514,0xFFFF,0xF79E,0xFFFF,
  0x94B2,0x0000,0x0000,0x0861,0x0000,0xA534,0xFFFF,0xF79E,0x31A6,0x0000,0x18E3,0x0020,0x0000,0x0020,
  0xBDD7,0xFFFF,0x8C71,0x0000,0x0000,0xA514,0xFFFF,0xAD55,0x0000,0x0000,0x18E3,0x7BCF,0xE71C,0xFFDF,
  0xFFFF,0x738E,0x0000,0x0020,0x0000,0x0000,0x6B6D,0xF7BE,0xFFDF,0xFFFF,0xFFFF,0xFFFF,0xFFFF,0xFFFF,
  0xFFFF,0xFFFF,0xFFFF,0xFFFF,0xFFFF,0xFFFF,0xFFFF,0xFFFF,0xFFFF,0xFFFF,0xFFFF,0xFFFF,0xFFDF,0xF79E,
  0xF79E,0xF79E,0xF7BE,0xFFFF,0xFFFF,0xFFFF,0xFFFF,0xFFFF,0xFFFF,0xFFFF,0xFFFF,0xFFFF,0xFFFF,0xFFFF,
  0xFFFF,0xFFFF,0xFFFF,0xFFFF,0xFFFF,0xE73C,0x39C7,0x0000,0x0000,0x0000,0x0020,0xA514,0xFFDF,0xFFDF,
  0xD6BA,0x10A2,0x0000,0x0020,0x41E8,0xB5B7,0xFFDF,0xF7BF,0x4229,0x0000,0x52AA,0x18C3,0x0000,0x0000,
  0xAD75,0xFFFF,0x73AE,0x0000,0x0020,0xBDF7,0xFFFF,0x632C,0x0000,0x0841,0x0000,0x0841,0xDEDB,0xFFFF,
  0xCE79,0x1082,0x0000,0x3186,0x8410,0x0000,0x0020,0xC618,0xFFFF,0xF7BE,0xF7BE,0xFFDF,0xFFDF,0xFFFF,
  0xFFFF,0xFFFF,0xFFFF,0xFFFF,0xFFFF,0xFFFF,0xFFFF,0xFFFF,0xFFFF,0xFFFF,0xFFFF,0xFFFF,0xFFDF,0xF79E,
  0xF79E,0xF79E,0xF7BE,0xFFFF,0xFFFF,0xFFFF,0xFFFF,0xFFFF,0xFFFF,0xFFFF,0xFFFF,0xFFFF,0xFFFF,0xFFFF,
  0xFFFF,0xFFFF,0xFFFF,0xFFDF,0xFFFF,0x8C51,0x0000,0x31A6,0x8C71,0x0000,0x0861,0x9CF3,0xFFFF,0xF7BE,
  0xFFDF,0x52AA,0x0000,0x0841,0xC618,0xFFFF,0xFFDF,0xFFFF,0x5AAB,0x0000,0x73AE,0x5ACB,0x0000,0x0000,
  0xA514,0xFFFF,0x5ACB,0x0000,0x18C3,0xDEDB,0xF79E,0x2924,0x0000,0x2945,0xA514,0xAD55,0xF7BE,0xFFFF,
  0x5AEB,0x0000,0x0000,0x8430,0x6B6D,0x0000,0x10A2,0xCE79,0xFFFF,0xF7BE,0xF79E,0xFFDF,0xFFDF,0xFFDF,
  0xFFFF,0xFFFF,0xFFFF,0xFFFF,0xFFFF,0xFFFF,0xFFFF,0xFFFF,0xFFFF,0xFFFF,0xFFFF,0xFFFF,0xFFDF,0xF79E,
  0xF79E,0xF79E,0xF7BE,0xFFFF,0xFFFF,0xFFFF,0xFFFF,0xFFFF,0xFFFF,0xFFFF,0xFFFF,0xFFFF,0xFFFF,0xFFFF,
  0xFFFF,0xFFDF,0xFFDF,0xF79E,0xFFFF,0x738E,0x0000,0x0861,0xA514,0x94B2,0xBDF7,0x9CF3,0x630C,0xF79E,
  0xFFFF,0xA534,0x0000,0x0000,0x738E,0xC618,0xA514,0xFFFF,0x6B4D,0x0000,0x630C,0xAD55,0x0000,0x0000,
  0x8430,0xFFFF,0x2985,0x0000,0x2124,0xEF7D,0xBDF7,0x0841,0x0000,0x738E,0xFFFF,0xFFFF,0xFFFF,0xC618,
  0x0841,0x0020,0x0000,0x2124,0x0020,0x0000,0x5ACB,0xFFFF,0xF7BE,0xEF7D,0x52AA,0x8C51,0xFFDF,0xFFDF,
  0xFFDF,0xFFFF,0xFFFF,0xFFFF,0xFFFF,0xFFFF,0xFFFF,0xFFFF,0xFFFF,0xFFFF,0xFFFF,0xFFFF,0xFFDF,0xF79E,
  0xF79E,0xF79E,0xF7BE,0xFFFF,0xFFFF,0xFFFF,0xFFFF,0xFFFF,0xFFFF,0xFFFF,0xFFFF,0xFFFF,0xFFFF,0xFFFF,
  0xFFFF,0xFFFF,0xF7BE,0xF79E,0xFFFF,0xC618,0x0861,0x0000,0x18C3,0xD69A,0x632C,0x0000,0x0000,0x8C71,
  0xFFFF,0xE71C,0x2124,0x0000,0x0882,0x0000,0x0020,0xE73C,0x8430,0x1061,0x6B4D,0xEF3C,0x5ACB,0x528A,
  0xB595,0xF7BE,0x4A69,0x1061,0x41E7,0xFFFF,0x738D,0x0000,0x0000,0x39C7,0x94B2,0xDEFB,0xF7BE,0x4A49,
  0x0000,0x0841,0x39E7,0x0000,0x10A2,0x4A69,0xD6BA,0xF7BE,0xFFFF,0x738E,0x0000,0x0000,0x8410,0xFFFF,
  0xFFDF,0xFFFF,0xFFFF,0xFFFF,0xFFFF,0xFFFF,0xFFFF,0xFFFF,0xFFFF,0xFFFF,0xFFFF,0xFFFF,0xFFDF,0xF79E,
  0xF79E,0xF79E,0xF7BE,0xFFFF,0xFFFF,0xFFFF,0xFFFF,0xFFFF,0xFFFF,0xFFFF,0xFFFF,0xFFFF,0xFFFF,0xFFFF,
  0xFFFF,0xC618,0xEF7D,0xFFDF,0xEF7D,0xFFFF,0x7BCF,0x0000,0x0000,0x39C7,0x4228,0x0020,0x0000,0x1082,
  0xC618,0xFFFF,0x632C,0x0000,0x0000,0x10A2,0x528A,0xDEBA,0xF77E,0xE6FB,0xFF9E,0xFFBE,0xFFDF,0xFFDF,
  0xFFBE,0xFF9E,0xEF3C,0xE6DB,0xE6DB,0xFFDF,0x9CB2,0x3186,0x0861,0x0000,0x0000,0xDEFB,0xBDD7,0x0020,
  0x0000,0x4228,0xA534,0x0000,0x2124,0xDEFB,0xFFDF,0xFFFF,0x9CF3,0x0000,0x0000,0x10A2,0xBDF7,0xFFDF,
  0xF79E,0xFFDF,0xFFDF,0xFFFF,0xFFFF,0xFFFF,0xFFFF,0xFFFF,0xFFFF,0xFFFF,0xFFFF,0xFFFF,0xFFDF,0xF79E,
  0xF79E,0xF79E,0xF7BE,0xFFFF,0xFFFF,0xFFFF,0xFFFF,0xFFFF,0xFFFF,0xFFFF,0xFFFF,0xFFFF,0xFFDF,0xFFDF,
  0x9CF3,0x0861,0x5AEB,0xEF7D,0xFFDF,0xF79E,0xEF5D,0x39C7,0x0000,0x0000,0x8C51,0x9CF3,0x0020,0x0000,
  0x31A6,0xEF5D,0xB5B6,0x4207,0x9491,0xE6FB,0xFFFF,0xF75D,0xE6BB,0xD5F8,0xB535,0x9C92,0x9410,0x8BCF,
  0x8BCF,0x8C10,0x9450,0xA4B2,0xB534,0xCDD7,0xE6DB,0xEF3C,0xD658,0x840F,0x7BEF,0xE73C,0x31A6,0x0000,
  0x0841,0xA534,0x4A49,0x0000,0x2124,0xDEFB,0xFFFF,0xC618,0x1082,0x0000,0x0020,0xA514,0xFFFF,0xF79E,
  0xF79E,0xFFDF,0xFFDF,0xFFDF,0xFFFF,0xFFFF,0xFFFF,0xFFFF,0xFFFF,0xFFFF,0xFFFF,0xFFFF,0xFFDF,0xF79E,
  0xF79E,0xF79E,0xF7BE,0xFFFF,0xFFFF,0xFFFF,0xFFFF,0xFFFF,0xFFFF,0xFFFF,0xFFFF,0xFFFF,0xFFDF,0xFFFF,
  0x738E,0x0000,0x0000,0x4228,0xDEDB,0xF7BE,0xFFDF,0xC638,0x1082,0x0000,0x1082,0xB596,0x4228,0x0000,
  0x0000,0xA534,0xFFFF,0xFFDE,0xFFDF,0xD659,0xA4B3,0x838E,0x6AAB,0x626A,0x6249,0x6269,0x626A,0x628A,
  0x6269,0x626A,0x6269,0x5A28,0x6249,0x6A8A,0x62AA,0x838E,0xA4F3,0xD658,0xF77D,0xEF5D,0x632C,0x0000,
  0x52AA,0x9CF3,0x0020,0x0000,0x7BCF,0xFFFF,0xDEDB,0x2945,0x0000,0x0000,0x7BCF,0xFFFF,0xEF7D,0xF7BE,
  0xFFFF,0xC618,0xDEFB,0xFFFF,0xFFFF,0xFFFF,0xFFFF,0xFFFF,0xFFFF,0xFFFF,0xFFFF,0xFFFF,0xFFDF,0xF79E,
  0xF79E,0xF79E,0xF7BE,0xFFFF,0xFFFF,0xFFFF,0xFFFF,0xFFFF,0xFFFF,0xFFFF,0xFFFF,0xFFFF,0xDEBB,0x9492,
  0xDEBB,0x8C51,0x1082,0x0000,0x2945,0xC618,0xFFDF,0xFFFF,0x8C71,0x0000,0x0000,0x18C3,0x0861,0x4268,
  0xB5D6,0xF79E,0xF6FD,0xC516,0x836F,0x62AB,0x5AAA,0x62A9,0x7A68,0x9207,0xA1A6,0xB965,0xB944,0xC124,
  0xB924,0xB924,0xB124,0xB145,0xA9A6,0x91E6,0x7A27,0x6A68,0x6268,0x6A69,0x8B0D,0xBD35,0xEF1C,0xBDD7,
  0xC639,0x31C7,0x0000,0x1923,0xDF1B,0xF79E,0x4A49,0x0000,0x0000,0x528A,0xF79E,0xEF7D,0xF7BE,0xE73C,
  0x73AE,0x0841,0x4A49,0xEF7D,0xFFFF,0xFFFF,0xFFFF,0xFFFF,0xFFFF,0xFFFF,0xFFFF,0xFFFF,0xFFDF,0xF79E,
  0xF79E,0xF79E,0xF7BE,0xFFFF,0xFFFF,0xFFFF,0xFFFF,0xFFFF,0xFFFF,0xFFFF,0xFFFF,0xE73C,0x39C7,0x0000,
  0x18E3,0x736E,0x6B2C,0x1082,0x0000,0x10A2,0xA534,0xFFDF,0xF7BE,0x6B6D,0x0040,0x0000,0x3104,0xD679,
  0xFFDF,0xBD35,0x736D,0x5AAA,0x6A69,0x8289,0x99E7,0xB905,0xD0A4,0xD863,0xD841,0xE000,0xE800,0xF000,
  0xF000,0xE800,0xE800,0xE020,0xE021,0xE042,0xD863,0xC8E4,0xA9A6,0x8247,0x6AA8,0x6289,0x7B0C,0xBD56,
  0xEF3D,0xAD96,0x3186,0x8C70,0xFFFF,0x6B8E,0x0000,0x0000,0x2965,0xDEDB,0xFFDF,0xFFDF,0xB596,0x31A6,
  0x0000,0x0020,0x0000,0x632C,0xF79E,0xFFFF,0xFFFF,0xFFFF,0xFFFF,0xFFFF,0xFFFF,0xFFFF,0xFFDF,0xF79E,
  0xF79E,0xF79E,0xF7BE,0xFFFF,0xFFFF,0xFFFF,0xFFFF,0xFFFF,0xFFFF,0xFFDF,0xF7BE,0xDEDB,0x31A6,0x0000,
  0x0000,0x0000,0x1062,0x1061,0x0020,0x0000,0x0020,0x8430,0xF7DF,0xFFDF,0xADD6,0xA514,0xF6DC,0xE5F9,
  0x8B8E,0x62E9,0x6AC9,0x8AA7,0xA1A4,0xC0A3,0xE802,0xF001,0xF800,0xF000,0xF000,0xF000,0xF000,0xF800,
  0xF800,0xF800,0xF000,0xF000,0xE800,0xF000,0xF800,0xF001,0xE001,0xD082,0xB903,0xA9C7,0x8268,0x5AC9,
  0x7BCE,0xDDF9,0xFEFD,0xFFBF,0x94B2,0x0000,0x0000,0x1082,0xBDD7,0xFFFF,0xDEDB,0x6B4D,0x0841,0x0000,
  0x0861,0x0861,0x0020,0x0000,0xB5B6,0xFFFF,0xFFFF,0xFFFF,0xFFFF,0xFFFF,0xFFFF,0xFFFF,0xFFDF,0xF79E,
  0xF79E,0xF79E,0xF7BE,0xFFFF,0xFFFF,0xFFFF,0xFFFF,0xFFFF,0xFFFF,0xFFFF,0xF79E,0xF77E,0xE73C,0x52AA,
  0x0000,0x0820,0x0000,0x0020,0x0000,0x0000,0x0020,0x0000,0x630C,0xE6FC,0xFFFF,0xF7BE,0xBD35,0x72CC,
  0x730B,0x82C9,0xB185,0xD882,0xE000,0xE000,0xF000,0xF000,0xF000,0xE800,0xE020,0xE820,0xE800,0xF000,
  0xE800,0xE800,0xE800,0xE800,0xE800,0xE800,0xE800,0xE020,0xE800,0xF000,0xF000,0xD801,0xB104,0x9247,
  0x7AA9,0x7A8A,0xAC93,0xF77E,0xAD55,0x1082,0x0000,0xA534,0xFFFF,0xA534,0x2124,0x0000,0x0000,0x3186,
  0x4228,0x0861,0x0000,0x632C,0xEF7D,0xF79E,0xFFDF,0xFFFF,0xFFFF,0xFFFF,0xFFFF,0xFFFF,0xFFDF,0xF79E,
  0xF79E,0xF79E,0xF7BE,0xFFFF,0xFFFF,0xFFFF,0xFFFF,0xFFDF,0xFFDF,0xE73C,0xE71C,0xFFDF,0xF79E,0xEF5D,
  0x73AE,0x0000,0x0000,0x10A2,0x4A69,0x2965,0x0000,0x0000,0x0820,0xCDF8,0xE73C,0x8C50,0x6AEA,0x7AEA,
  0x9A28,0xC0A3,0xE000,0xE800,0xF000,0xE800,0xE820,0xE820,0xE820,0xE800,0xE800,0xE800,0xE800,0xE800,
  0xE800,0xE800,0xE800,0xE800,0xE800,0xE800,0xE800,0xE800,0xE800,0xE800,0xE800,0xE000,0xE000,0xD842,
  0xB945,0x8A89,0x62CA,0x8430,0xEF3D,0xC5F8,0x9451,0xD679,0x5ACB,0x0000,0x0000,0x0841,0x6B4D,0x8430,
  0x10A2,0x0000,0x4A69,0xEF5D,0xF79E,0xEF5D,0xF79E,0xFFFF,0xFFFF,0xFFFF,0xFFFF,0xFFFF,0xFFDF,0xF79E,
  0xF79E,0xF79E,0xF7BE,0xFFFF,0xFFFF,0xFFFF,0xFFFF,0xFFDF,0xFFDF,0x8430,0x3186,0xAD75,0xF79E,0xF79E,
  0xF79E,0x8C71,0x0841,0x0000,0x2945,0x9CF3,0x9CD3,0x39A6,0x9C92,0xEF1C,0x8BAE,0x730A,0x8B0A,0xB1A6,
  0xD842,0xF000,0xE800,0xE800,0xE800,0xF000,0xF000,0xF000,0xE800,0xE800,0xE800,0xF000,0xF000,0xF000,
  0xF000,0xF000,0xF000,0xF000,0xE800,0xE800,0xF000,0xF000,0xE800,0xE800,0xE800,0xE800,0xF000,0xF000,
  0xE801,0xC0C4,0x9A48,0x7309,0x7BAE,0xDE7A,0xFFFF,0x7B8E,0x0000,0x0000,0x0000,0x0861,0x6B6D,0x10A2,
  0x0000,0x39C7,0xDEFB,0xEF7D,0xEF5D,0xEF7D,0xEF7D,0xF7BE,0xFFFF,0xFFFF,0xFFFF,0xFFFF,0xFFDF,0xF79E,
  0xF79E,0xF79E,0xF7BE,0xFFFF,0xFFFF,0xFFFF,0xFFFF,0xFFDF,0xC638,0x0861,0x0000,0x0020,0x5ACB,0xCE59,
  0xFFBF,0xFFBE,0xAD55,0x18C3,0x0000,0x1082,0x9CD3,0xF75D,0xE6BB,0x83AF,0x730C,0x9AAB,0xB925,0xE021,
  0xE800,0xE800,0xE800,0xE800,0xE800,0xE000,0xE000,0xE800,0xE800,0xE000,0xE000,0xE800,0xE800,0xE000,
  0xE000,0xE000,0xE800,0xE800,0xE800,0xE800,0xE800,0xE800,0xE800,0xE000,0xE020,0xE800,0xE820,0xE000,
  0xE800,0xE801,0xC862,0xA9C6,0x830C,0x7B6E,0xD67A,0xF75D,0x4A28,0x2124,0x738E,0x0841,0x0000,0x0000,
  0x2124,0xCE79,0xF7BE,0xEF5D,0xEF5D,0xEF5D,0xEF5D,0xEF7D,0xFFFF,0xFFFF,0xFFFF,0xFFFF,0xFFDF,0xF79E,
  0xF79E,0xF79E,0xF7BE,0xFFFF,0xFFFF,0xFFFF,0xFFDF,0xF79E,0xD69A,0x5AAA,0x0020,0x0000,0x0000,0x10A2,
  0x7BCF,0xE71C,0xFFFF,0xCE18,0x2986,0x0000,0x528A,0xE71B,0x93F0,0x7B0D,0x9AEB,0xC104,0xE000,0xF000,
  0xE000,0xE000,0xE800,0xE000,0xE001,0xE000,0xE000,0xD820,0xD820,0xE000,0xE800,0xE000,0xE000,0xE000,
  0xE000,0xE000,0xE000,0xE000,0xD820,0xE020,0xE800,0xE800,0xE800,0xE000,0xE000,0xE000,0xD820,0xE020,
  0xE800,0xE800,0xE000,0xE021,0xC1A7,0x830B,0x7BCE,0xE6FB,0xE6DB,0xCE9A,0x8C71,0x0841,0x0000,0x10A2,
  0xBDF7,0xF7BE,0xEF5C,0xEF5D,0xEF5D,0xEF5D,0xEF5D,0xEF5D,0xF7BE,0xFFFF,0xFFFF,0xFFFF,0xFFDF,0xF79E,
  0xF79E,0xF79E,0xF7BE,0xFFFF,0xFFFF,0xFFFF,0xF79E,0xEF3C,0xF77D,0xFF9E,0xAD55,0x3186,0x0000,0x0000,
  0x0000,0x3186,0xA514,0xFFFF,0xDEDB,0x738E,0xD69A,0x9CB2,0x7B2B,0xA2EC,0xC8E4,0xE000,0xD820,0xE800,
  0xE800,0xE800,0xE000,0xE020,0xE020,0xE020,0xE820,0xE800,0xE800,0xE800,0xE800,0xE000,0xE800,0xE800,
  0xE800,0xE800,0xE800,0xE800,0xE800,0xE800,0xE800,0xE800,0xE800,0xE800,0xE800,0xE000,0xD020,0xE000,
  0xE000,0xD820,0xE020,0xE020,0xC821,0xB1E6,0x7B4A,0x940F,0xEF1D,0xE6FC,0x1903,0x0000,0x0861,0xA534,
  0xF7BE,0xE73C,0xEF5C,0xEF5C,0xEF5C,0xEF5C,0xEF5C,0xEF5C,0xEF7D,0xFFDF,0xFFFF,0xFFFF,0xFFDF,0xF79E,
  0xF79E,0xF79E,0xF7BE,0xFFFF,0xFFFF,0xFFDF,0xEF5D,0xEF5D,0xEF5D,0xEF3C,0xF79E,0xE6FB,0x7BAF,0x1082,
  0x0000,0x0000,0x0020,0x52CA,0xD659,0xFFBF,0xAD55,0x7B4C,0x936C,0xB166,0xE001,0xE800,0xE040,0xE800,
  0xE800,0xE000,0xE000,0xE000,0xD000,0xD000,0xD800,0xD800,0xD800,0xD820,0xD820,0xD840,0xD040,0xD841,
  0xD041,0xD041,0xD041,0xD041,0xD041,0xD041,0xD041,0xD041,0xD040,0xD040,0xD841,0xE022,0xD822,0xD822,
  0xD042,0xD042,0xE000,0xE020,0xD041,0xD022,0xB228,0x832B,0xACB2,0xFF7E,0xAD35,0x10C2,0x9471,0xF7BE,
  0xE73C,0xEF5C,0xEF5C,0xEF5C,0xEF5C,0xEF5C,0xEF5C,0xEF5C,0xEF5C,0xF79E,0xFFFF,0xFFFF,0xFFDF,0xF79E,
  0xF79E,0xF79E,0xF7BE,0xFFFF,0xFFFF,0xF7BE,0xEF5D,0xEF5D,0xEF5D,0xF75D,0xE73C,0xEF5D,0xFFBF,0xC638,
  0x528A,0x0000,0x0000,0x0000,0x6B4D,0xDE5A,0x7B8E,0x938D,0xB9A6,0xD020,0xD020,0xD800,0xE000,0xD800,
  0xD800,0xD000,0xD042,0xC987,0xD2EB,0xDBCF,0xE471,0xED14,0xED75,0xF5D6,0xF637,0xF637,0xF658,0xF658,
  0xF658,0xF678,0xF678,0xF678,0xF678,0xF678,0xF678,0xF658,0xF658,0xF658,0xF637,0xFE17,0xFE17,0xFDF7,
  0xF637,0xF490,0xD041,0xE000,0xD800,0xE801,0xD083,0x9AEA,0x8B8D,0xCDD7,0xF79E,0xBDF7,0xEF3C,0xEF5C,
  0xEF3C,0xEF5C,0xEF3C,0xEF3C,0xEF3C,0xEF3C,0xEF3C,0xEF3C,0xE73C,0xEF5C,0xFFDF,0xFFFF,0xFFDF,0xF79E,
  0xF79E,0xF79E,0xF7BE,0xFFFF,0xFFFF,0xEF5D,0xEF5D,0xEF5D,0xEF5D,0xEF3D,0xEF5D,0xEF3C,0xEF3C,0xF79E,
  0xEF7D,0xA4F4,0x2924,0x20E3,0xD638,0x9C92,0x83AE,0xB28A,0xD822,0xE000,0xD020,0xD820,0xD000,0xC840,
  0xC021,0xEAAC,0xF5D6,0xFF7C,0xFFFF,0xFFFF,0xFFFF,0xFFFF,0xFFFF,0xFFFF,0xFFFF,0xFFFF,0xFFFF,0xFFFF,
  0xFFFF,0xFFFF,0xFFFF,0xFFFF,0xFFFF,0xFFFF,0xFFFF,0xFFFF,0xFFFF,0xFFFF,0xFFFF,0xFFFF,0xFFFF,0xFFFF,
  0xFFFF,0xF637,0xC862,0xE000,0xE000,0xE000,0xD001,0xA924,0x8B4B,0x940F,0xDEFB,0xEF7D,0xE73C,0xE73C,
  0xEF3C,0xE73C,0xE73C,0xE73C,0xE73C,0xE73C,0xE73C,0xE73C,0xE73C,0xE73C,0xF7BE,0xFFFF,0xFFDF,0xF79E,
  0xF79E,0xF79E,0xF7BE,0xFFFF,0xFFDF,0xEF3D,0xEF3D,0xEF3D,0xEF3D,0xEF3D,0xEF3D,0xEF3D,0xEF3D,0xE73C,
  0xE71C,0xF7BE,0xCE79,0xBDD7,0xCD97,0x838D,0xA38C,0xC0C4,0xE000,0xD800,0xE000,0xE800,0xD820,0xC821,
  0xE430,0xFFDD,0xF7FF,0xFFFF,0xFFBE,0xFFBE,0xFFDE,0xFFFF,0xFFFF,0xFFFF,0xFFFF,0xFFDF,0xFFDF,0xFFFF,
  0xFFFF,0xFFFF,0xFFFF,0xFFFF,0xFFFF,0xFFFF,0xFFFF,0xFFFF,0xFFFF,0xFFDF,0xFFFF,0xF7FF,0xF7DF,0xFFDF,
  0xFFFF,0xF617,0xD042,0xE000,0xD800,0xD800,0xD820,0xC821,0xA247,0x8B6C,0xBD55,0xE75D,0xE73C,0xE73C,
  0xE73C,0xE73C,0xE73C,0xE73C,0xE73C,0xE73C,0xE73C,0xE73C,0xE73C,0xE73C,0xEF7D,0xFFFF,0xFFDF,0xF79E,
  0xF79E,0xF79E,0xF7BE,0xFFFF,0xF79E,0xE73C,0xE73C,0xEF3C,0xEF3C,0xEF3C,0xEF3C,0xEF3C,0xEF3C,0xE73C,
  0xE73C,0xE71C,0xEF5D,0xEF3D,0x9451,0xA3AD,0xB9C6,0xC821,0xC820,0xD800,0xD800,0xE000,0xD000,0xDAAA,
  0xFFDD,0xE7FE,0xEFBF,0xFFDF,0xFFFF,0xFFFF,0xFFFF,0xFFFF,0xFFFF,0xFFFF,0xFFFF,0xFFFF,0xFFFF,0xFFFF,
  0xFFFF,0xFFFF,0xFFFF,0xFFFF,0xFFFF,0xFFFF,0xFFFF,0xFFFF,0xFFFF,0xFFFF,0xFFFF,0xFFFF,0xFFDF,0xFFBF,
  0xFFFF,0xF617,0xD062,0xD000,0xC820,0xD800,0xE000,0xD800,0xB8A2,0xAB2B,0x93EF,0xDEBA,0xEF5C,0xE73C,
  0xE73C,0xE73C,0xE73C,0xE73C,0xE73C,0xE73C,0xE73C,0xE73C,0xE71C,0xE73C,0xE71C,0xFFDF,0xFFFF,0xF79E,
  0xF79E,0xF79E,0xF7BE,0xFFDF,0xEF5D,0xE73C,0xEF1C,0xEF3C,0xEF3C,0xEF3C,0xE73C,0xE73C,0xE73C,0xE71C,
  0xEF3C,0xE71C,0xEF3D,0xC597,0x7BEF,0xB34B,0xC082,0xC820,0xD020,0xD800,0xD020,0xD800,0xD062,0xF5F7,
  0xFFFF,0xF7FF,0xFFFF,0xFFBE,0xF79D,0xF77C,0xFF9D,0xFFFF,0xFFFF,0xFFFF,0xFF7E,0xFF7D,0xFF5D,0xFF5D,
  0xFF7D,0xFF7D,0xFF5D,0xFFBE,0xFFDF,0xFFDF,0xF7FF,0xFFFF,0xFFBE,0xFFBD,0xFFBE,0xFFDE,0xFFBE,0xFFBE,
  0xFFFE,0xFDD6,0xC862,0xD800,0xD020,0xD800,0xE000,0xD800,0xC800,0xB9A7,0x938D,0xBD75,0xEF3C,0xE6FB,
  0xEF1C,0xE71C,0xE71C,0xE73C,0xE73C,0xE71C,0xE71C,0xE71C,0xE71C,0xE71C,0xE6FB,0xF79E,0xFFFF,0xF79E,
  0xF79E,0xF79E,0xF7BE,0xFFBE,0xEF3C,0xEF1C,0xEF1C,0xEF1C,0xEF1C,0xEF1C,0xE73C,0xE73C,0xE73C,0xEF3C,
  0xE71C,0xEF1C,0xE6FB,0xA493,0x93CE,0xB206,0xC020,0xD000,0xE000,0xD020,0xC840,0xC800,0xDA8A,0xFFBE,
  0xFFFF,0xFE9C,0xE431,0xCA6A,0xC186,0xC163,0xB9C6,0xEE39,0xFFFF,0xFFFF,0xD3CE,0xC165,0xC987,0xC987,
  0xC986,0xC9C6,0xC146,0xDC92,0xFFFF,0xFFDF,0xF7FF,0xF75C,0xCACB,0xD208,0xD228,0xD24A,0xD26A,0xD269,
  0xD248,0xD9A6,0xC821,0xD800,0xD800,0xD800,0xD800,0xD000,0xD800,0xC0A3,0xA30C,0x9CB1,0xE6DB,0xEEFB,
  0xEF1C,0xEF1C,0xE71C,0xE73C,0xE71C,0xE71C,0xE71C,0xE71C,0xE71C,0xEF1C,0xEF1C,0xEF5D,0xFFDF,0xF79E,
  0xF79E,0xF79E,0xF7BE,0xF79E,0xE71C,0xEF1C,0xEF1C,0xEF1C,0xEF1C,0xEF1C,0xE71C,0xE73C,0xE71C,0xEF1C,
  0xE6FB,0xEF3C,0xD638,0x8C31,0xABCE,0xB0E3,0xD000,0xD000,0xD800,0xD000,0xD000,0xC000,0xE533,0xFFFF,
  0xF554,0xD0C4,0xD000,0xD801,0xE000,0xE000,0xC800,0xF597,0xFFFF,0xFFFE,0xC248,0xC800,0xD000,0xD000,
  0xD000,0xC800,0xD000,0xE3EF,0xFFFF,0xFFDF,0xFFFF,0xFEBA,0xC063,0xD000,0xE000,0xD800,0xD000,0xC800,
  0xC800,0xC800,0xD000,0xD020,0xD000,0xD800,0xD000,0xD000,0xD800,0xB821,0xAA69,0x93EF,0xC5F7,0xEF1C,
  0xEF1C,0xEF1C,0xE6FC,0xE71C,0xE71C,0xE71C,0xE71C,0xE71C,0xE6FB,0xE71C,0xE6FB,0xEF3C,0xF7DF,0xF79E,
  0xF79E,0xF79E,0xF7BE,0xF75D,0xE6FB,0xE71C,0xE71C,0xE71C,0xE71C,0xE71C,0xE71C,0xE71C,0xE71C,0xE6FB,
  0xE6FB,0xF73D,0xB555,0x8C50,0xB2EB,0xC821,0xE000,0xD000,0xD000,0xD000,0xD800,0xD0E4,0xFF1C,0xEE57,
  0xC882,0xE000,0xD020,0xD020,0xD820,0xD800,0xB860,0xEE38,0xFFFF,0xFFBD,0xCA07,0xD000,0xD020,0xD000,
  0xD820,0xD020,0xC800,0xE491,0xFFFF,0xFFDF,0xFFFF,0xF6DA,0xB8E3,0xC840,0xC840,0xD040,0xD020,0xD020,
  0xD020,0xD020,0xC800,0xC820,0xC800,0xD000,0xD000,0xD000,0xD800,0xC800,0xB146,0x9B8E,0xAD34,0xEF1B,
  0xE6FB,0xE6FB,0xEEFC,0xEEFC,0xEEFC,0xE71B,0xE6FB,0xE6FB,0xE6FB,0xE6FB,0xE6FB,0xE6FB,0xF77E,0xF7BE,
  0xF79E,0xF7BE,0xF79E,0xEF1C,0xE71C,0xE71C,0xE71C,0xE71C,0xE71C,0xE71C,0xE71B,0xE71B,0xE6FB,0xE6FB,
  0xEF1C,0xE6DB,0xA4B3,0x944F,0xB1C7,0xD800,0xD800,0xC800,0xC800,0xD000,0xC000,0xD3CE,0xFF7F,0xC9AA,
  0xC800,0xE020,0xD000,0xC000,0xC820,0xD000,0xB861,0xF67A,0xFFFF,0xFF1C,0xD146,0xD000,0xD000,0xD000,
  0xD800,0xD000,0xC801,0xE513,0xFFFF,0xFFDF,0xFFFF,0xF678,0xB882,0xD000,0xD000,0xC820,0xC820,0xD000,
  0xD800,0xD800,0xD800,0xD800,0xD000,0xD000,0xD000,0xD000,0xD000,0xD000,0xB862,0xAB2D,0x9C92,0xE6DA,
  0xE6FB,0xE6FB,0xE6FC,0xEEDC,0xEEFB,0xE6FB,0xE6FB,0xE6FB,0xE6FB,0xE6FB,0xE6FB,0xE71C,0xEF7E,0xF7BE,
  0xF79E,0xF7BE,0xF79E,0xE71C,0xE71C,0xE6FC,0xE6FB,0xE6FB,0xE6FB,0xE6FB,0xE6FB,0xE6FB,0xE6FB,0xE6FB,
  0xEF1C,0xDE9A,0x9C92,0xA40E,0xB904,0xD800,0xD000,0xC800,0xD000,0xD000,0xC800,0xF4F2,0xDC51,0xC002,
  0xC020,0xC820,0xD800,0xD000,0xD000,0xD000,0xC0C4,0xF6DB,0xFFFF,0xFEDC,0xC8E5,0xC800,0xC040,0xC020,
  0xD000,0xC800,0xB842,0xE5D6,0xFFFF,0xFFDF,0xFFFF,0xF5F7,0xC041,0xD800,0xD800,0xC800,0xC800,0xD000,
  0xD000,0xD000,0xC800,0xC800,0xC800,0xD000,0xD000,0xC820,0xD020,0xD800,0xC000,0xAAAA,0x9431,0xD658,
  0xE71B,0xE6FB,0xE6FB,0xE6DB,0xE6FB,0xE6FB,0xE6FB,0xE6FB,0xE6FB,0xE6FB,0xE6FB,0xE6FB,0xEF5D,0xF7BE,
  0xF79E,0xF7BE,0xF79E,0xE6FB,0xE6FB,0xE6FB,0xE6FB,0xE6FB,0xE6FB,0xE6FB,0xE6FB,0xE6FB,0xE6FB,0xE6DB,
  0xEEFC,0xD618,0x9C71,0xAB8D,0xC062,0xD800,0xC020,0xC800,0xD000,0xC800,0xC800,0xC082,0xB841,0xC800,
  0xC800,0xC020,0xC800,0xC821,0xC800,0xC800,0xC966,0xF75D,0xF7FF,0xF699,0xB882,0xD000,0xC020,0xC800,
  0xD800,0xD000,0xC063,0xF658,0xFFFF,0xFFDF,0xFFFF,0xED75,0xB021,0xC800,0xC820,0xD000,0xD000,0xD000,
  0xC800,0xC800,0xC800,0xC800,0xC800,0xD000,0xD000,0xC020,0xC820,0xD800,0xC800,0xA208,0x9C11,0xCDB7,
  0xE71B,0xDEFB,0xDEFB,0xE6FB,0xE6FB,0xE6FB,0xE6FB,0xE6FB,0xE6FB,0xE6FB,0xE6FB,0xE6DB,0xE71C,0xF7BE,
  0xF79E,0xF7BE,0xF79E,0xE6FB,0xE6FB,0xE6FB,0xE6FB,0xE6FB,0xE6FB,0xE6FB,0xE6FB,0xE6FB,0xE6FB,0xE6DB,
  0xEF1C,0xC5B7,0x9C72,0xB30B,0xC001,0xD000,0xB840,0xC800,0xD000,0xC800,0xC800,0xC800,0xD000,0xD000,
  0xC800,0xD000,0xC800,0xC040,0xC020,0xC000,0xC9E7,0xFF9D,0xFFFF,0xF637,0xC820,0xD000,0xC020,0xC800,
  0xD000,0xC800,0xC083,0xF6D9,0xFFFF,0xFFDF,0xFFFF,0xE4F2,0xB000,0xC800,0xC800,0xC800,0xC800,0xC800,
  0xC000,0xC000,0xC800,0xD000,0xC800,0xD000,0xC800,0xC000,0xC000,0xC800,0xC800,0xA966,0xA3F0,0xBD75,
  0xE71B,0xDEFB,0xE6DB,0xDEFB,0xE6DB,0xE6DB,0xE6DB,0xE6DB,0xE6DB,0xE6DB,0xE6DB,0xE6DB,0xE71C,0xF7BE,
  0xF79E,0xF7BE,0xEF7E,0xE6FB,0xE6FB,0xE6FB,0xE6FB,0xE6FB,0xE6FB,0xE6FB,0xE6FB,0xE6FB,0xE6FB,0xE6FB,
  0xE71C,0xBD76,0xA492,0xBA69,0xB800,0xC800,0xC020,0xC000,0xD000,0xC800,0xC000,0xC000,0xC000,0xC000,
  0xC800,0xC800,0xC000,0xC800,0xC820,0xB800,0xCB0B,0xFFFF,0xFFFF,0xF5B6,0xC800,0xC800,0xB820,0xD000,
  0xC800,0xB800,0xC8E5,0xFF3B,0xFFFF,0xFFDF,0xFFFF,0xE430,0xB800,0xC800,0xC800,0xC800,0xC800,0xC800,
  0xC800,0xC800,0xC800,0xC800,0xC800,0xC800,0xC800,0xC800,0xC800,0xC800,0xC800,0xB8C3,0xA3AD,0xAD54,
  0xE71C,0xDEFB,0xE6DB,0xDEDB,0xE6DB,0xE6DB,0xE6DB,0xE6DB,0xE6DB,0xE6DB,0xE6DB,0xDEDB,0xE71C,0xF7BE,
  0xF79E,0xF7BE,0xEF7E,0xE6DB,0xE6DB,0xE6DB,0xE6DB,0xE6DB,0xE6DB,0xE6DB,0xE6FB,0xE6FB,0xE6FB,0xE6FB,
  0xE6FB,0xB555,0xA492,0xBA28,0xC000,0xC800,0xC020,0xC000,0xC800,0xC000,0xC000,0xC000,0xC000,0xC000,
  0xC000,0xC000,0xC000,0xC000,0xC820,0xC000,0xE450,0xFFFF,0xFFFF,0xE513,0xC000,0xC800,0xB820,0xC800,
  0xC800,0xB800,0xC967,0xFF7C,0xFFFF,0xF7DF,0xFFFF,0xD3AE,0xB800,0xD020,0xC800,0xC800,0xC800,0xC800,
  0xC800,0xC800,0xC800,0xC800,0xC800,0xC800,0xC800,0xC800,0xC800,0xC800,0xC800,0xB883,0xAB8D,0xB534,
  0xDEDB,0xDEFB,0xE6BB,0xDEDB,0xDEDB,0xDEDB,0xDEDB,0xDEDB,0xDEDB,0xDEDB,0xDEDB,0xDEBA,0xE71C,0xF7BE,
  0xF79E,0xF7BE,0xEF7E,0xE6DB,0xE6DB,0xE6DB,0xE6DB,0xE6DB,0xE6DB,0xE6DB,0xE6DB,0xDEDB,0xE6DB,0xDEDB,
  0xE6DB,0xB555,0xA4B2,0xB9E7,0xC000,0xC800,0xC000,0xB800,0xC800,0xC000,0xC000,0xC000,0xC000,0xC000,
  0xC000,0xC000,0xC000,0xC000,0xC800,0xB800,0xED95,0xFFFF,0xFFFF,0xDC71,0xB000,0xC800,0xB800,0xC800,
  0xC800,0xB800,0xD209,0xFFBE,0xFFFF,0xFFDF,0xFFFF,0xD32C,0xB800,0xC820,0xC800,0xC000,0xC000,0xC000,
  0xC000,0xC000,0xC000,0xC000,0xC000,0xC000,0xC000,0xC000,0xC000,0xC000,0xC000,0xB842,0xB36D,0xB4F4,
  0xDE9B,0xDEDB,0xE6BA,0xDEDB,0xDEDB,0xDEDB,0xDEDB,0xDEDB,0xDEDB,0xDEDB,0xDEDB,0xDEBA,0xE71C,0xF7BF,
  0xF79E,0xF7BE,0xEF7E,0xDEDB,0xDEDB,0xDEDB,0xDEDB,0xDEDB,0xDEDB,0xDEDB,0xDEDB,0xDEDB,0xDEDB,0xDEDB,
  0xDEBA,0xB535,0xACB3,0xB1C7,0xC000,0xC800,0xC000,0xB800,0xC000,0xB800,0xB800,0xC000,0xC000,0xC000,
  0xC000,0xC000,0xC000,0xC000,0xC000,0xB8C4,0xF6DB,0xF7FF,0xFFFF,0xD3CF,0xA800,0xC000,0xB800,0xC000,
  0xC000,0xB800,0xCAAB,0xFFFF,0xFFFF,0xFFFF,0xFFDE,0xC28A,0xC000,0xC800,0xC000,0xC000,0xC000,0xC000,
  0xC000,0xC000,0xC000,0xC000,0xC000,0xC000,0xC000,0xC000,0xC000,0xC000,0xC000,0xB822,0xB34D,0xB514,
  0xDE9B,0xDEDB,0xE6BA,0xDEDB,0xDEDB,0xDEBA,0xDEBA,0xDEBA,0xDEDB,0xDEDB,0xDEDB,0xDEBA,0xE71C,0xF7BF,
  0xF79E,0xF7BE,0xEF7E,0xDEDB,0xDEDB,0xDEDB,0xDEDB,0xDEDB,0xDEDB,0xDEDB,0xDEDB,0xDEDB,0xDEDB,0xDEDB,
  0xDEDA,0xB555,0xACD3,0xB1E7,0xC000,0xC800,0xB800,0xB800,0xC000,0xB800,0xB800,0xC000,0xC000,0xC000,
  0xC000,0xC000,0xC000,0xC000,0xB800,0xCAAC,0xFFDF,0xEFDF,0xFFFF,0xCB4C,0xB000,0xC000,0xC000,0xC000,
  0xC000,0xB800,0xCB4D,0xFFFF,0xFFFF,0xFFFF,0xFFBD,0xBA08,0xC000,0xC800,0xB800,0xC000,0xC000,0xC000,
  0xC000,0xC000,0xC000,0xC000,0xC000,0xC000,0xC000,0xC000,0xC000,0xC000,0xC000,0xB042,0xB36D,0xBD34,
  0xDEBB,0xDEDB,0xE6BA,0xDEDB,0xDEDB,0xDEBA,0xDEBA,0xDEBA,0xDEDB,0xDEDB,0xDEDB,0xDEBA,0xE71C,0xF7BF,
  0xF79E,0xF7BE,0xEF7E,0xDEDB,0xDEDB,0xDEDB,0xDEDB,0xDEDB,0xDEDB,0xDEDB,0xDEDB,0xDEDB,0xDEDB,0xDEDA,
  0xDEDB,0xBD76,0xACD3,0xB208,0xB800,0xC000,0xB800,0xB800,0xC000,0xC000,0xB800,0xC000,0xC000,0xC000,
  0xC000,0xC000,0xB800,0xC000,0xB800,0xDC93,0xFFFF,0xF7DF,0xFFFE,0xC2AA,0xB800,0xC020,0xC000,0xC000,
  0xC000,0xB800,0xCBCF,0xFFFF,0xFFDF,0xFFFF,0xF77D,0xA9A7,0xC000,0xC000,0xB800,0xC000,0xC000,0xC000,
  0xC000,0xC000,0xC000,0xC000,0xC000,0xC000,0xC000,0xC000,0xC000,0xC000,0xC000,0xB082,0xB3CE,0xB554,
  0xDEBB,0xD6DB,0xE6BA,0xDEDB,0xDEBB,0xDEBA,0xDEBA,0xDEBA,0xDEBA,0xDEBA,0xDEBA,0xDEBA,0xE71C,0xF7BF,
  0xF79E,0xF7BE,0xEF7E,0xDEBA,0xDEBA,0xDEBA,0xDEBA,0xDEBA,0xDEBA,0xDEBA,0xDEBA,0xDEBA,0xDEDA,0xDEBA,
  0xE6DB,0xBD96,0xACD3,0xB269,0xB000,0xC000,0xB800,0xB800,0xC000,0xC000,0xC000,0xB800,0xB800,0xC000,
  0xC000,0xB800,0xB800,0xB800,0xB8C3,0xFEBA,0xF7FF,0xFFDF,0xFFBD,0xC228,0xB800,0xB800,0xC000,0xB800,
  0xC020,0xB000,0xD472,0xFFFF,0xFFDF,0xFFFF,0xF75C,0xA965,0xC000,0xC000,0xB800,0xB800,0xB800,0xC000,
  0xC000,0xB800,0xC000,0xC000,0xC000,0xC000,0xB800,0xB800,0xB800,0xB800,0xB800,0xB0A3,0xB40F,0xB575,
  0xDEDB,0xD6DA,0xE6BA,0xDEBB,0xDEBB,0xDEBA,0xDEBA,0xDEBA,0xDEBA,0xDEBA,0xDEBA,0xDEBA,0xE71C,0xF7BF,
  0xF79E,0xF7BE,0xEF7E,0xDEBA,0xDEBA,0xDEBA,0xDEBA,0xDEBA,0xDEBA,0xDEBA,0xDEBA,0xDEBA,0xDEBA,0xDEBA,
  0xE6DB,0xC5D7,0xAD14,0xAB2B,0xB000,0xC000,0xB800,0xB800,0xB000,0xB800,0xC000,0xB800,0xB020,0xB800,
  0xC000,0xB020,0xB820,0xB000,0xCB2B,0xFFFE,0xF7FF,0xFFFF,0xFF5C,0xC187,0xB000,0xB820,0xB800,0xB800,
  0xC000,0xB000,0xD554,0xFFFF,0xFFDF,0xFFFF,0xF73B,0xA8E3,0xB800,0xB020,0xB800,0xB800,0xB000,0xC000,
  0xC800,0xB800,0xB800,0xC000,0xB800,0xB800,0xB800,0xB800,0xB000,0xB020,0xC000,0xA125,0xBC51,0xCD95,
  0xE6BA,0xDE9A,0xDE9A,0xDEBB,0xDEBA,0xDEBA,0xDEBA,0xDEBA,0xDE9A,0xDE9A,0xDE9A,0xDE9A,0xE71C,0xF7BF,
  0xF79E,0xF7BE,0xEF7E,0xDEBA,0xDEBA,0xDEBA,0xDEBA,0xDEBA,0xDEBA,0xDEBA,0xDEBA,0xDEBA,0xDEBA,0xDEBA,
  0xE6DB,0xCE18,0xAD34,0xB3AE,0xB021,0xC000,0xB800,0xB800,0xB000,0xB800,0xB800,0xB800,0xB800,0xB800,
  0xB800,0xB020,0xB000,0xB062,0xEE37,0xFFFF,0xFFDF,0xFFFF,0xF71B,0xB0E4,0xB000,0xB800,0xB800,0xB800,
  0xC000,0xB001,0xE5B5,0xFFFF,0xFFDF,0xFFFF,0xF71B,0xA8E3,0xC000,0xB020,0xB800,0xB800,0xB800,0xB000,
  0xB800,0xC000,0xB800,0xB800,0xB800,0xB800,0xB800,0xB800,0xB000,0xB000,0xB800,0xA9C7,0xBCB2,0xCDD6,
  0xDEBA,0xDE9A,0xDE9A,0xDE9B,0xDEBA,0xDEBA,0xDE9A,0xDE9A,0xDE9A,0xDE9A,0xDE9A,0xDE9A,0xE6FB,0xF7BF,
  0xF79E,0xF7BE,0xEF7E,0xDEBA,0xDEBA,0xDEBA,0xDEBA,0xDEBA,0xDEBA,0xDEBA,0xDEBA,0xDEBA,0xDEBA,0xDEBA,
  0xDEBA,0xD659,0xB555,0xC471,0xA8C3,0xB000,0xB800,0xB000,0xB000,0xB800,0xB000,0xB800,0xC000,0xB000,
  0xB000,0xB800,0xA800,0xCB2C,0xFFFE,0xFFDF,0xFFBF,0xFFFF,0xF6B9,0xA882,0xB800,0xB000,0xB000,0xB800,
  0xB800,0xB021,0xEE17,0xFFFF,0xF7DF,0xFFFF,0xF73C,0xA8E4,0xC000,0xB020,0xB000,0xB800,0xC800,0xB000,
  0xA000,0xA800,0xA820,0xB000,0xB800,0xB800,0xB800,0xB800,0xB800,0xB800,0xB000,0xAA69,0xB514,0xCE38,
  0xD6BA,0xDE9A,0xE69A,0xDE9A,0xDE9A,0xDE9A,0xDE9A,0xDE9A,0xDE9A,0xDE9A,0xDE9A,0xD69A,0xE71C,0xF7BF,
  0xF79E,0xF7BE,0xF79E,0xDEDB,0xDE9A,0xDEBA,0xDE9A,0xDE9A,0xDE9A,0xDE9A,0xD69A,0xD69A,0xDE9A,0xD69A,
  0xDEBA,0xDE9A,0xB555,0xBCD3,0xA1A7,0xA800,0xB000,0xB000,0xB000,0xB000,0xB000,0xB000,0xB000,0xA820,
  0xC000,0xB800,0xA0E3,0xF6D9,0xF7FF,0xFFDF,0xFFBF,0xFFFF,0xE5F6,0xA861,0xB800,0xB000,0xB000,0xB000,
  0xB800,0xB021,0xF678,0xFFFF,0xF7DF,0xFFFF,0xFF5D,0xA986,0xB800,0xB800,0xB020,0xB020,0xC800,0xB800,
  0xB1A7,0xCACA,0xA840,0xB800,0xB000,0xB800,0xB800,0xB000,0xB800,0xB800,0xA821,0xAB4D,0xB575,0xCE79,
  0xD6BA,0xDE9A,0xDE7A,0xDE7A,0xD69A,0xDE9A,0xDE9A,0xDE9A,0xDE9A,0xDE9A,0xDE9A,0xDE9A,0xEF3C,0xF7BE,
  0xF79E,0xF79E,0xF7BE,0xE6FB,0xD69A,0xDE9A,0xD69A,0xDE9A,0xDE9A,0xD69A,0xD69A,0xD69A,0xDE9A,0xD69A,
  0xDE9A,0xDEBA,0xC5B7,0xB535,0xB32C,0xA800,0xB020,0xA820,0xB800,0xB000,0xB800,0xB000,0xA040,0xA840,
  0xB800,0xA801,0xDCB2,0xFFFF,0xF7FF,0xFFFF,0xFFBF,0xFFFF,0xDCF3,0xA000,0xB000,0xB000,0xB000,0xB000,
  0xB000,0xA841,0xF6B9,0xFFFF,0xF7FF,0xFFDF,0xFFDE,0xB28A,0xA800,0xB820,0xA820,0xA820,0xB800,0xB001,
  0xE451,0xF636,0xA041,0xC000,0xB000,0xB800,0xB800,0xB000,0xB800,0xB000,0x98C3,0xBC71,0xBDB6,0xD699,
  0xD6BA,0xDE7A,0xDE7A,0xDE9A,0xD69A,0xDE9A,0xDE9A,0xDE9A,0xDE9A,0xDE9A,0xDE9A,0xD699,0xEF5D,0xF7BE,
  0xF79E,0xF79E,0xF7BE,0xEF3C,0xD69A,0xDE9A,0xDE9A,0xDE9A,0xDE9A,0xD69A,0xD69A,0xD69A,0xD69A,0xDE9A,
  0xD69A,0xDE9A,0xD639,0xAD76,0xBC71,0xA841,0xA800,0xA820,0xB800,0xB000,0xB000,0xB000,0xA820,0xB800,
  0xA000,0xBAAB,0xFFBE,0xFFFF,0xFFFF,0xFFFF,0xFFDF,0xFFFF,0xD3CF,0xA000,0xB020,0xB000,0xB000,0xB000,
  0xB000,0xA842,0xF6BA,0xFFFF,0xF7DF,0xFFDF,0xFFFF,0xCC91,0x9800,0xB820,0xB020,0xB020,0xB000,0x9842,
  0xF638,0xDD13,0xA000,0xB800,0xA820,0xB800,0xB800,0xA820,0xB820,0xB000,0xAA28,0xC534,0xC5F8,0xD69A,
  0xD69A,0xDE7A,0xDE7A,0xD67A,0xD69A,0xDE7A,0xDE7A,0xDE7A,0xDE7A,0xDE7A,0xDE7A,0xD69A,0xF77D,0xF7BE,
  0xF79E,0xF79E,0xF7BF,0xF75D,0xD69A,0xD69A,0xD69A,0xD69A,0xD69A,0xD69A,0xD69A,0xD69A,0xD69A,0xDE9A,
  0xDE9A,0xDE9A,0xD659,0xAD96,0xBD14,0xC966,0xA000,0xA840,0xB800,0xB000,0xA020,0xA820,0xC000,0xB800,
  0xA124,0xF6FA,0xFFFF,0xFFDF,0xFFFF,0xFFFF,0xFFFF,0xFFFE,0xCAAB,0xA800,0xB020,0xB000,0xA800,0xB000,
  0xB000,0xB062,0xF6DA,0xFFFF,0xFFDF,0xFFDF,0xFFFF,0xFF5B,0xC1C6,0xA800,0xA800,0xA800,0x9800,0xBB8D,
  0xFFFE,0xCB0D,0xA000,0xA020,0xA020,0xB800,0xB800,0xA840,0xB020,0xA801,0xBBAD,0xBD95,0xD65A,0xD67A,
  0xD67A,0xDE5A,0xDE7A,0xD679,0xD699,0xD679,0xDE79,0xDE79,0xD679,0xD679,0xD679,0xDEBA,0xF7BE,0xF79E,
  0xF79E,0xF79E,0xF7BF,0xF7BE,0xD69A,0xD679,0xD69A,0xD679,0xD679,0xD679,0xD679,0xD679,0xD679,0xDE9A,
  0xDE9A,0xD659,0xE6BA,0xD5F9,0xB575,0xC3AE,0xA001,0xB000,0xB000,0xA820,0xA020,0xA820,0xB800,0xA820,
  0xDD13,0xFFFF,0xFFDF,0xF7FF,0xFFFF,0xFFDF,0xFFFF,0xFF7C,0xB166,0xA800,0xA820,0xA800,0xA020,0xA800,
  0xB000,0xA042,0xF638,0xFFFF,0xFFDF,0xFFFF,0xF7FF,0xFFFF,0xFEDA,0xCBAF,0xBA4A,0xBAAC,0xD4D4,0xFFBE,
  0xFF3D,0xA927,0xB000,0xA040,0xA020,0xB000,0xB000,0xA820,0xA000,0xA946,0xBCF3,0xBE17,0xD659,0xD659,
  0xD679,0xD67A,0xDE79,0xD679,0xD679,0xD679,0xD679,0xD679,0xD679,0xD679,0xD659,0xE73C,0xFFFF,0xF79E,
  0xF79E,0xF79E,0xF7BE,0xFFFF,0xDEDB,0xD679,0xD679,0xD679,0xD679,0xD679,0xD679,0xD679,0xD679,0xD659,
  0xD679,0xE6DB,0xB555,0xAD56,0xC5B7,0xCD34,0xA1A6,0xA000,0xA800,0xA020,0xA000,0xA000,0xA000,0xB1A6,
  0xFF7C,0xFFFF,0xFFDF,0xFFDF,0xFFDF,0xFFDF,0xFFFF,0xEE57,0xA062,0xB000,0xA800,0xA800,0xA020,0xA800,
  0xB800,0x9800,0xDCD3,0xFFFF,0xFFFF,0xFFFF,0xFFFF,0xFFDF,0xFFFF,0xFFFE,0xFFDD,0xFFDF,0xFFFF,0xFFFF,
  0xE535,0x9001,0xA800,0xA800,0xA800,0xA800,0xB000,0xB000,0x9021,0xBB6D,0xC575,0xCE38,0xD659,0xD659,
  0xD679,0xD679,0xD679,0xD679,0xD679,0xD679,0xD679,0xD679,0xD659,0xD699,0xCE59,0xF77D,0xFFFF,0xF79E,
  0xF79E,0xF79E,0xF7BE,0xFFFF,0xEF3C,0xD679,0xD679,0xD679,0xD679,0xD679,0xD679,0xD679,0xD679,0xDEDB,
  0xCE59,0x7BAE,0x1061,0x29C7,0xC5B7,0xCD95,0xB3EE,0x9041,0xA800,0xA800,0xB000,0xA000,0x9800,0xBAA9,
  0xFFDE,0xFFFF,0xFFDF,0xFFDF,0xFFDF,0xF7FF,0xFFFF,0xCC51,0x9000,0xB020,0xA800,0xA800,0xA000,0xA800,
  0xB800,0xA000,0xB28A,0xFFBE,0xFFFE,0xFFFF,0xFFFF,0xFFFF,0xF7FF,0xF7FE,0xF7FF,0xEFFF,0xEFFE,0xFF7C,
  0xA9E7,0x9800,0xA000,0xB800,0xB800,0xA800,0xB000,0xA800,0xA1C7,0xC513,0xC597,0xD639,0xD659,0xD659,
  0xD679,0xD679,0xD679,0xD679,0xD659,0xD679,0xD679,0xD659,0xD659,0xD679,0xD69A,0xFFDE,0xFFDF,0xF79E,
  0xF79E,0xF79E,0xF7BE,0xFFFF,0xF79E,0xD679,0xD679,0xD679,0xD659,0xD679,0xD679,0xD679,0xDEBA,0xA514,
  0x39C6,0x0000,0x0000,0x0000,0x8C11,0xCD97,0xC554,0xA249,0x9800,0xB020,0xB000,0xA800,0xA000,0xA965,
  0xFF7D,0xFFFF,0xEFDF,0xF7FF,0xF7DF,0xEFFF,0xFF5D,0xB167,0xA000,0xA800,0xA800,0xA800,0xA000,0xA800,
  0xB000,0xA800,0x9062,0xE535,0xFFFF,0xFFFF,0xF7FF,0xF7FF,0xF7FF,0xFFBF,0xFFBF,0xF7FF,0xFFFF,0xD3EF,
  0x9000,0xA000,0xA800,0xB000,0xA800,0xA800,0xA800,0x9083,0xC410,0xC596,0xD639,0xDE9A,0xD659,0xD659,
  0xD659,0xD659,0xD659,0xD659,0xD659,0xD659,0xD659,0xD659,0xD659,0xCE59,0xE6FB,0xFFFF,0xFFDF,0xF79E,
  0xF79E,0xF79E,0xF7BE,0xFFFF,0xFFFF,0xDEDA,0xD679,0xCE59,0xCE38,0xD679,0xDEBA,0xC618,0x630C,0x0841,
  0x0000,0x0000,0x1082,0x736E,0xC5F8,0xDE19,0xC576,0xCCF3,0xA0E4,0xA000,0xA800,0xA800,0xB000,0xA000,
  0xD472,0xFFFF,0xF7FF,0xEFFF,0xF7FF,0xFFFE,0xD3AF,0xA000,0xA800,0xA000,0xA800,0xA800,0xA000,0xA000,
  0xA800,0xA800,0x9800,0x9105,0xE5B7,0xFFFF,0xFFFF,0xFFFF,0xFFFF,0xFFFF,0xFFFF,0xFFBF,0xDBF1,0xA021,
  0xA000,0xA800,0xA800,0xA000,0x9820,0xA800,0x9001,0xAAEB,0xC575,0xCDF8,0xC618,0x8C51,0xD659,0xDE79,
  0xD659,0xD659,0xD659,0xD659,0xD659,0xD659,0xD659,0xD659,0xD659,0xD679,0xF77D,0xFFFF,0xFFDF,0xF79E,
  0xF79E,0xF79E,0xF7BE,0xFFDF,0xFFFF,0xEF7D,0xD679,0xCE59,0xDE9A,0xDE9A,0x9492,0x2945,0x0000,0x0000,
  0x0000,0x39C7,0xAD54,0xDE79,0xDEBA,0xBD76,0xC5B7,0xCDF7,0xC3EF,0x8861,0x9800,0xA000,0xA800,0xA800,
  0x9082,0xCBF0,0xF6BA,0xFF3B,0xEE79,0xBB6D,0x9821,0xA800,0xA000,0xA000,0xA800,0xA800,0xA000,0xA000,
  0xA800,0xA000,0xA000,0x9001,0x9063,0xBB4D,0xE5F7,0xEF1A,0xEF3B,0xF6FA,0xDD75,0xB269,0x9800,0xA000,
  0xA000,0xA800,0xA800,0x9820,0x9820,0x9000,0xA1E8,0xC534,0xC5D6,0xD659,0x634C,0x0000,0x5249,0xBDB6,
  0xDE7A,0xD638,0xD639,0xD659,0xD659,0xD659,0xD659,0xD659,0xCE38,0xDEBA,0xFFDF,0xFFFF,0xFFDF,0xF79E,
  0xF79E,0xF79E,0xF7BE,0xFFFF,0xFFFF,0xFFDF,0xDEBA,0xD679,0xB596,0x528A,0x0020,0x0000,0x0000,0x18C3,
  0x7BCF,0xCE58,0xD699,0xDE98,0x9450,0x1082,0x5AEC,0xB5B7,0xBDD5,0xB36C,0x9800,0xA000,0xA000,0xA800,
  0x9020,0x9000,0xA0A3,0x9945,0x9062,0x9800,0xA800,0xA000,0x9020,0xA000,0xB000,0xA000,0xA000,0xA000,
  0xA000,0xA020,0xA000,0xA000,0x9800,0x9800,0x9841,0xA0C3,0xA924,0x98C2,0x8820,0x9800,0x9800,0x9820,
  0xA000,0xA000,0x9800,0x9820,0x9800,0xA164,0xCCF2,0xC596,0xCE39,0xB596,0x10A2,0x0000,0x0000,0x20E3,
  0x9471,0xDE9A,0xD659,0xCE38,0xD659,0xD639,0xD638,0xD659,0xCE38,0xEF5D,0xFFFF,0xFFFF,0xFFDF,0xF79E,
  0xF79E,0xF79E,0xF7BE,0xFFFF,0xFFFF,0xFFFF,0xEF3C,0xD69A,0x9CB3,0x0000,0x0000,0x0820,0x5269,0xB596,
  0xDEBA,0xD679,0xD699,0x738D,0x0820,0x0000,0x1082,0xAD75,0xC638,0xC596,0xBACC,0x9020,0x9020,0x9800,
  0x9820,0xA000,0x9800,0x9000,0xA000,0xA000,0xA000,0x9800,0x9020,0xA000,0xA000,0xA000,0xA000,0xA000,
  0x9800,0xA000,0xA000,0xA000,0x9800,0xA020,0xA000,0xA000,0xA000,0xA000,0xA000,0x9820,0x9820,0xA000,
  0xA000,0x9800,0x9820,0x9800,0x9125,0xCCB2,0xC575,0xCE58,0xD69A,0xC659,0x94B2,0x2924,0x0000,0x0000,
  0x0820,0x62EB,0xCE18,0xDE9A,0xCE18,0xCE39,0xD679,0xCE38,0xD69A,0xFFDF,0xFFFF,0xFFFF,0xFFDF,0xF79E,
  0xF79E,0xF79E,0xF7BE,0xFFFF,0xFFFF,0xFFFF,0xFFDF,0xD67A,0xD679,0x5A8A,0x20E3,0x9471,0xD679,0xCE59,
  0xCE59,0xC638,0x5ACB,0x0000,0x0000,0x0000,0x6B4D,0xBDD7,0x9CD3,0xC5F8,0xCD95,0xB36C,0x8041,0xA000,
  0xB000,0xA000,0x9820,0x9820,0x9800,0x9800,0x9800,0x9800,0x9800,0x9800,0x9800,0x9800,0xA000,0xA000,
  0xA000,0xA000,0xA000,0xA000,0x9800,0x9800,0x9800,0x9800,0x9800,0x9800,0x9800,0x9800,0x9800,0xA000,
  0xA000,0xA800,0x8800,0x9965,0xCCB3,0xCD96,0xDE59,0x8C51,0x634C,0xCE59,0xDEBA,0xBDD6,0x52AA,0x0020,
  0x0000,0x0000,0x3165,0xAD14,0x6B0C,0x41E8,0xB575,0xCE38,0xEF5D,0xFFFF,0xFFFF,0xFFFF,0xFFDF,0xF79E,
  0xF79E,0xF79E,0xF7BE,0xFFFF,0xFFFF,0xFFFF,0xFFFF,0xEF5D,0xCE59,0xC5F7,0xBDB6,0xD69A,0xCE18,0xD679,
  0xBDD7,0x4A28,0x0000,0x0841,0x0000,0x2965,0x9CF3,0x2925,0x0861,0x9CB3,0xBE37,0xC5F5,0xBB8E,0x9083,
  0x9800,0xA000,0xA000,0x9000,0x9000,0x9800,0x9800,0x9801,0x9801,0x9801,0x9800,0x9800,0x9800,0x9800,
  0x9800,0x9800,0x9800,0x9800,0xA000,0xA000,0x9800,0x9800,0x9800,0x9000,0x9020,0xA000,0xA000,0xA000,
  0xA000,0x8800,0x99E8,0xCD13,0xCD96,0xD618,0x840F,0x0861,0x0000,0x4A49,0xBDD7,0xDE9A,0xD659,0x8410,
  0x18C3,0x0000,0x0000,0x1061,0x0840,0x0000,0x8C30,0xE6FB,0xFFFF,0xFFFF,0xFFFF,0xFFFF,0xFFDF,0xF79E,
  0xF79E,0xF79E,0xF7BE,0xFFFF,0xFFFF,0xFFFF,0xFFDF,0xFFDF,0xDEDB,0xCE38,0xD679,0xCE38,0xD679,0xB555,
  0x3186,0x0000,0x0000,0x0020,0x0841,0x528A,0x2104,0x0000,0x0841,0x9471,0xD6BA,0xC618,0xCDD6,0xC4B1,
  0x89C6,0x8000,0xA000,0xA800,0x9800,0xA000,0xA000,0x9800,0x9800,0x9800,0x9800,0x9800,0x9800,0x9800,
  0x9800,0x9800,0x9800,0x9800,0x9800,0x9800,0xA000,0xA000,0xA000,0x9800,0x9800,0x9800,0xA000,0x9800,
  0x8862,0xAAEC,0xCD55,0xC596,0xD638,0x7BAE,0x0000,0x0020,0x0020,0x0000,0x3186,0xB555,0xD659,0xDE7A,
  0xAD54,0x39C7,0x0000,0x0000,0x0000,0x5AAB,0xD679,0xEF5D,0xFFFF,0xFFFF,0xFFFF,0xFFFF,0xFFDF,0xF79E,
  0xF79E,0xF79E,0xF7BE,0xFFFF,0xFFFF,0xFFFF,0xFFFF,0xFFFF,0xF79E,0xCE59,0xCE18,0xCE59,0x9CD3,0x2103,
  0x0000,0x1081,0x2965,0x0000,0x0861,0x0861,0x0000,0x18C3,0x9CB2,0xD69A,0x730C,0x9452,0xCE58,0xC616,
  0xCD94,0xB32B,0x88A2,0x9000,0x9800,0xA000,0xA000,0x9800,0x9800,0x9000,0x9000,0x9800,0x9800,0x9800,
  0x9800,0x9800,0x9800,0x9800,0x9000,0x9800,0xA000,0xA000,0xA800,0xA000,0x9800,0x9000,0x8800,0x99C7,
  0xC451,0xD5D7,0xCE18,0xCE19,0xD679,0x8C50,0x0040,0x0020,0x10A2,0x1082,0x0000,0x20E4,0xA4B2,0xD659,
  0xCE58,0xC638,0x6B4D,0x0840,0x2945,0xBDD7,0xE71C,0xFFDF,0xFFFF,0xFFFF,0xFFFF,0xFFFF,0xFFDF,0xF79E,
  0xF79E,0xF79E,0xF7BE,0xFFFF,0xFFFF,0xFFFF,0xFFFF,0xFFDF,0xFFFF,0xEF3D,0xCE38,0xCE58,0x39C7,0x0000,
  0x18C3,0x7BAE,0x2104,0x0000,0x0020,0x0000,0x2945,0xAD34,0xDEDB,0x7BCF,0x0000,0x0841,0x736D,0xCE38,
  0xCDF7,0xDDD7,0xCCF2,0xA289,0x88C2,0x8000,0x8000,0x9000,0x9020,0x9020,0x9000,0x9000,0x9800,0x9800,
  0x9000,0x9000,0x9800,0x9000,0x9000,0x9000,0x9800,0x9800,0x9000,0x8000,0x8021,0x9946,0xBBAE,0xCD95,
  0xCDF7,0xCDD7,0x838F,0x94B2,0xCE79,0xCE38,0x5ACA,0x0000,0x1061,0x4A69,0x10A2,0x0000,0x1062,0x8C10,
  0xCE59,0xCE38,0xD679,0x9492,0xA4F3,0xDE9A,0xF79E,0xFFFF,0xFFFF,0xFFFF,0xFFFF,0xFFFF,0xFFDF,0xF79E,
  0xF79E,0xF79E,0xF7BE,0xFFFF,0xFFFF,0xFFFF,0xFFFF,0xFFDF,0xFFDF,0xFFFF,0xDE9A,0xD659,0xAD14,0x41E7,
  0xA513,0x528A,0x0000,0x0020,0x0000,0x39E8,0xB596,0xD69A,0xA4F3,0x1061,0x0020,0x0000,0x0000,0x5AAB,
  0xCDF9,0xCDF8,0xCDF7,0xD5D6,0xCCF2,0xAB2C,0x9166,0x8841,0x8800,0x9000,0x9000,0x9000,0x9000,0x9000,
  0x9000,0x9000,0x9000,0x9000,0x9000,0x9000,0x8800,0x8000,0x80C3,0x9A28,0xBBEF,0xC554,0xCDF7,0xC5F8,
  0xBDB7,0x41E8,0x0000,0x2945,0xC5D7,0xCE38,0xBD96,0x2924,0x0000,0x2945,0x7BEF,0x18E3,0x0000,0x0020,
  0x6B4D,0xCE38,0xCE18,0xD638,0xCE39,0xF75D,0xFFFF,0xFFFF,0xFFFF,0xFFFF,0xFFFF,0xFFFF,0xFFDF,0xF79E,
  0xF79E,0xF79E,0xF7BE,0xFFFF,0xFFFF,0xFFFF,0xFFFF,0xFFFF,0xFFFF,0xFFFF,0xFFDF,0xD659,0xCE18,0xD679,
  0x8C30,0x0000,0x0800,0x0000,0x5AAA,0xC5F7,0xCE59,0xBDB6,0x2945,0x0000,0x0000,0x52AA,0x18E3,0x0000,
  0x6B4D,0xCE79,0xCE39,0xD659,0xCE17,0xD5F7,0xDD75,0xCC72,0xBB6E,0x9A29,0x9166,0x90A2,0x8862,0x8841,
  0x8800,0x8821,0x8841,0x8882,0x8125,0x91C7,0xA2CB,0xB3CE,0xCD13,0xD5D6,0xD637,0xCE78,0xCE79,0xD639,
  0xCE18,0x39E7,0x0000,0x0000,0x732C,0xD659,0xD638,0x9471,0x0820,0x0000,0x4208,0x2144,0x0000,0x0000,
  0x0000,0x528A,0xC618,0xC5F7,0xE6FB,0xFFFF,0xFFFF,0xFFFF,0xFFFF,0xFFFF,0xFFFF,0xFFFF,0xFFDF,0xF79E,
  0xF79E,0xF79E,0xF7BE,0xFFFF,0xFFFF,0xFFFF,0xFFFF,0xFFFF,0xFFFF,0xFFFF,0xFFFF,0xF79E,0xCE38,0xCE39,
  0x83F0,0x0000,0x0000,0x732D,0xCE38,0xCE18,0xCE38,0x5289,0x0000,0x0000,0x4208,0x9492,0x0861,0x0000,
  0x4228,0xC618,0x5AEB,0x8C30,0xC5B6,0xCE38,0xCE58,0xCE38,0xCE18,0xD5F8,0xD596,0xC513,0xC4B1,0xC491,
  0xBC70,0xBC50,0xBC91,0xC4F2,0xCD55,0xD5B6,0xD617,0xCE58,0xD699,0xB5B5,0x8C50,0x5A8A,0x5249,0xA4F3,
  0xD679,0xAD54,0x1082,0x0000,0x1882,0xAD14,0xCE38,0xCE59,0x5ACA,0x0000,0x0000,0x0000,0x4208,0x18C3,
  0x0000,0x6B2D,0xC5F7,0xDEDB,0xFFFF,0xFFFF,0xFFFF,0xFFFF,0xFFFF,0xFFFF,0xFFFF,0xFFFF,0xFFDF,0xF79E,
  0xF79E,0xF7BF,0xF7BF,0xFFFF,0xFFFF,0xFFFF,0xFFFF,0xFFFF,0xFFFF,0xFFFF,0xFFFF,0xFFFF,0xEF5D,0xC618,
  0xCE59,0x734D,0x7BAF,0xD659,0xC5F8,0xCE38,0x83CF,0x0000,0x0000,0x2104,0x9CD3,0x2104,0x0000,0x0000,
  0x8C51,0x9492,0x0000,0x0000,0x6B2C,0x9CD2,0xA4F3,0xCE38,0xCDD7,0xD5F8,0xDE38,0xD679,0xD679,0xD618,
  0xCE18,0xD659,0xD679,0xD679,0xDE38,0xD5F7,0xCDD7,0xB575,0x6B2C,0x2924,0x0000,0x0000,0x0000,0x2924,
  0xBDD6,0xD679,0x6B4C,0x0000,0x0000,0x4A08,0xC5F7,0xC618,0xBDD7,0x2924,0x0000,0x0020,0x8410,0x8C71,
  0x7BCF,0xCE39,0xDEBA,0xFFDF,0xFFFF,0xFFFF,0xFFFF,0xFFFF,0xFFFF,0xFFFF,0xFFFF,0xFFFF,0xFFDF,0xF79E,
  0xF7BF,0xEF5D,0xEF7E,0xFFFF,0xFFFF,0xFFFF,0xFFFF,0xFFFF,0xFFFF,0xFFFF,0xFFFF,0xFFFF,0xFFFF,0xEF5D,
  0xC618,0xCE38,0xCE59,0xC5F7,0xCE38,0xA4F3,0x1061,0x0000,0x0020,0x8C71,0x4A48,0x0000,0x0000,0x526A,
  0xD679,0x4A49,0x0000,0x0020,0x7BCE,0x2124,0x0841,0x5AAA,0xCE18,0xACF3,0x83CF,0x83CF,0xA4B3,0xCDF8,
  0xCDF8,0xB535,0x9452,0x7BAF,0x62EC,0x39C7,0x528A,0xA4F4,0x0841,0x0000,0x18A3,0x5269,0x0820,0x0000,
  0x7BAE,0xD659,0xBDD7,0x3145,0x0000,0x0000,0x8410,0xCE58,0xCE38,0x8C71,0x0820,0x0000,0x2104,0xC618,
  0xC638,0xCE79,0xFFDF,0xFFFF,0xFFFF,0xFFFF,0xFFFF,0xFFFF,0xFFFF,0xFFFF,0xFFFF,0xFFFF,0xFFDF,0xF79E,
  0x8410,0x632D,0x6B6E,0x9CF3,0xF79E,0xFFFF,0xFFFF,0xFFFF,0xFFFF,0xFFFF,0xFFFF,0xFFFF,0xFFFF,0xFFFF,
  0xEF5D,0xC618,0xC5F7,0xCE38,0xB575,0x2945,0x0000,0x0000,0x736D,0x736D,0x0000,0x0000,0x2104,0xBDD7,
  0xB576,0x18A3,0x0000,0x3186,0x7BCF,0x0020,0x0000,0x5ACB,0x9492,0x0861,0x0000,0x0000,0x0840,0x630C,
  0xBDD6,0x2924,0x0000,0x0000,0x0000,0x0000,0x1062,0xB596,0x524A,0x0000,0x0862,0x8C51,0x2965,0x0000,
  0x5ACB,0xCE18,0xCE18,0x9451,0x0820,0x0000,0x20E3,0xBDB6,0xC617,0xC618,0x5AAA,0x18C3,0x94B2,0xBDF7,
  0xD69A,0xFFDF,0xFFFF,0xFFFF,0xFFFF,0xFFFF,0xFFFF,0xFFFF,0xFFFF,0xFFFF,0xFFFF,0xFFFF,0xFFDF,0xF79E,
  0x528A,0x6B4D,0x630C,0x528A,0x7BEF,0xF7BE,0xFFFF,0xFFFF,0xFFFF,0xFFFF,0xFFFF,0xFFFF,0xFFFF,0xFFFF,
  0xFFFF,0xEF7D,0xCE38,0xCE18,0x9471,0x0820,0x0000,0x2104,0x6B6D,0x0861,0x0000,0x0861,0x9CB3,0xD679,
  0x736E,0x0000,0x0000,0x6B4D,0x4A49,0x0000,0x0821,0xA4F4,0x4A49,0x0000,0x2124,0x4228,0x0000,0x1041,
  0xAD13,0x49E7,0x10A2,0x0840,0x0020,0x39C7,0x9451,0xC5F8,0x9451,0x0000,0x0000,0x2985,0x18E3,0x0020,
  0x6B4D,0xC5F7,0xC5F7,0xCDF7,0x4A49,0x0000,0x0000,0x5AEB,0xCE18,0xC5F7,0xB576,0xAD34,0xCE59,0xDEBB,
  0xFFFF,0xFFFF,0xFFFF,0xFFFF,0xFFFF,0xFFFF,0xFFFF,0xFFFF,0xFFFF,0xFFFF,0xFFFF,0xFFFF,0xFFDF,0xF79E,
  0xA514,0xC638,0xBDD7,0x8C71,0x52AA,0xB596,0xFFFF,0xFFFF,0xFFFF,0xFFFF,0xFFFF,0xFFFF,0xFFFF,0xFFFF,
  0xFFFF,0xFFFF,0xF79E,0xCE59,0xC618,0x9471,0x2104,0x0000,0x0000,0x0020,0x0000,0x738E,0xCE59,0xBDD7,
  0x3186,0x0000,0x10A2,0x8410,0x1082,0x0000,0x3966,0xC5B7,0x3186,0x0000,0x4208,0x8C51,0x0841,0x1862,
  0xA4D3,0xBDB6,0xA513,0x10A2,0x0000,0x4A08,0xD659,0xC5D7,0xBDB7,0x2145,0x0000,0x0000,0x0861,0x0020,
  0x0020,0x734D,0xCE18,0xCDF7,0xAD54,0x10A2,0x0000,0x0000,0x9CB2,0xCE18,0xC5B7,0xC5F7,0xDEFB,0xFFFF,
  0xFFDF,0xFFFF,0xFFFF,0xFFFF,0xFFFF,0xFFFF,0xFFFF,0xFFFF,0xFFFF,0xFFFF,0xFFFF,0xFFFF,0xFFDF,0xF79E,
  0x8C51,0x94D3,0x8430,0xAD75,0x632C,0x8430,0xFFFF,0xFFFF,0xFFFF,0xFFFF,0xFFFF,0xFFFF,0xFFFF,0xFFFF,
  0xFFFF,0xFFFF,0xFFFF,0xFFDF,0xD69A,0xC5F8,0xAD55,0x4A28,0x0000,0x0000,0x5A8A,0xCE18,0xCE38,0x9CB2,
  0x0841,0x0000,0x4A49,0x634C,0x0000,0x0000,0x734D,0xD659,0x41C7,0x0000,0x0861,0x62EB,0xAD14,0xA4D3,
  0xBDB7,0xCE18,0xC5B7,0x2945,0x0000,0x2924,0xBD96,0xC5D7,0xCE38,0x632C,0x0000,0x0000,0x5AEB,0x4207,
  0x0000,0x20C3,0xBD75,0xC5B7,0xCE18,0x738E,0x0820,0x4A28,0xAD55,0xC5F7,0xCE18,0xEF3D,0xFFFF,0xFFFF,
  0xFFFF,0xFFFF,0xFFFF,0xFFFF,0xFFFF,0xFFFF,0xFFFF,0xFFFF,0xFFFF,0xFFFF,0xFFFF,0xFFFF,0xFFDF,0xF79E,
  0x5AEB,0xC618,0xA514,0x73AE,0x630C,0x8430,0xFFFF,0xFFFF,0xFFFF,0xFFFF,0xFFFF,0xFFFF,0xFFFF,0xFFFF,
  0xFFFF,0xFFFF,0xFFFF,0xFFFF,0xFFFF,0xE71C,0xCE38,0xC5F8,0x8C31,0x83CF,0xBD96,0xC5D7,0xCE18,0x62CB,
  0x0000,0x0000,0x7BCF,0x3185,0x0000,0x18A2,0xA514,0xCE18,0x9492,0x1082,0x0000,0x0000,0x528A,0xC5D7,
  0xC5F7,0xC5D7,0xC5D7,0x41C7,0x0000,0x10A2,0xAD34,0xCDF7,0xC5D7,0xA514,0x1082,0x0000,0x39E7,0x7BCF,
  0x0000,0x0000,0x83AE,0xCE38,0xC5B7,0xBD96,0x9472,0xC5F8,0xC5F8,0xD679,0xF7BE,0xFFFF,0xFFFF,0xFFFF,
  0xFFFF,0xFFFF,0xFFFF,0xFFFF,0xFFFF,0xFFFF,0xFFFF,0xFFFF,0xFFFF,0xFFFF,0xFFFF,0xFFFF,0xFFDF,0xF79E,
  0xB596,0x8410,0x8410,0xA534,0x528A,0xAD75,0xFFFF,0xFFFF,0xFFFF,0xFFFF,0xFFFF,0xFFFF,0xFFFF,0xFFFF,
  0xFFFF,0xFFFF,0xFFFF,0xFFFF,0xFFFF,0xFFFF,0xF79E,0xD69A,0xCE18,0xCDF8,0xC5B7,0xC5D7,0xC5F7,0x3986,
  0x0000,0x2965,0x7BCE,0x0020,0x0000,0x4A69,0xCE38,0xBDB6,0xCE38,0x9CF3,0x2104,0x0000,0x0000,0x5AAA,
  0xC618,0xC5B6,0xCE38,0x5AAB,0x0000,0x0020,0x9492,0xCDF8,0xC5D7,0xCE18,0x4207,0x0000,0x0841,0x8C30,
  0x2924,0x0000,0x3165,0xC5F7,0xC5F7,0xC5D7,0xBDD7,0xC618,0xE71C,0xFFDF,0xFFFF,0xFFFF,0xFFFF,0xFFFF,
  0xFFFF,0xFFFF,0xFFFF,0xFFFF,0xFFFF,0xFFFF,0xFFFF,0xFFFF,0xFFFF,0xFFFF,0xFFFF,0xFFFF,0xFFDF,0xF79E,
  0x6B6E,0x73AE,0x5AEC,0x5ACB,0x73AE,0xF79E,0xFFFF,0xFFFF,0xFFFF,0xFFFF,0xFFFF,0xFFFF,0xFFFF,0xFFFF,
  0xFFFF,0xFFFF,0xFFFF,0xFFFF,0xFFFF,0xFFDF,0xFFFF,0xFFFF,0xEF5D,0xCE39,0xBDB7,0xBDD7,0xC618,0x5AAA,
  0x0000,0x2124,0x3165,0x0000,0x0000,0x8C71,0xCE38,0xA4F3,0x39C7,0x4208,0x738E,0x2104,0x0000,0x2924,
  0xC5D7,0xBDB6,0xCE18,0x7BAE,0x0000,0x0000,0x83CF,0xCDF8,0xBDB6,0xCE18,0x83CF,0x0020,0x0000,0x4A69,
  0x6B2C,0x2124,0x738E,0xBDD6,0xBDB6,0xBDD7,0xDEDB,0xF7BE,0xFFFF,0xFFFF,0xFFFF,0xFFFF,0xFFFF,0xFFFF,
  0xFFFF,0xFFFF,0xFFFF,0xFFFF,0xFFFF,0xFFFF,0xFFFF,0xFFFF,0xFFFF,0xFFFF,0xFFFF,0xFFFF,0xFFDF,0xF79E,
  0x738E,0x5AEC,0x634D,0x9492,0xEF5D,0xFFFF,0xFFFF,0xFFFF,0xFFFF,0xFFFF,0xFFFF,0xFFFF,0xFFFF,0xFFFF,
  0xFFFF,0xFFFF,0xFFFF,0xFFFF,0xFFFF,0xFFFF,0xFFFF,0xFFFF,0xFFFF,0xFFDF,0xE71C,0xCE59,0xBDD7,0xAD55,
  0x41E7,0x0000,0x0000,0x0000,0x4228,0xBDB6,0xCE18,0x9C92,0x0820,0x0000,0x8430,0x5269,0x0000,0x2924,
  0xBD96,0xC5D7,0xCDF8,0x9431,0x0020,0x0000,0x6AEC,0xCDF8,0xBD96,0xC5F7,0xB575,0x2104,0x1082,0x62EB,
  0xB575,0xB595,0xC5F7,0xC5F7,0xD69A,0xF77D,0xFFFF,0xFFDF,0xFFFF,0xFFFF,0xFFFF,0xFFFF,0xFFFF,0xFFFF,
  0xFFFF,0xFFFF,0xFFFF,0xFFFF,0xFFFF,0xFFFF,0xFFFF,0xFFFF,0xFFFF,0xFFFF,0xFFFF,0xFFFF,0xFFDF,0xF79E,
  0xF79E,0xE71C,0xE73D,0xFFFF,0xFFFF,0xFFFF,0xFFFF,0xFFFF,0xFFFF,0xFFFF,0xFFFF,0xFFFF,0xFFFF,0xFFFF,
  0xFFFF,0xFFFF,0xFFFF,0xFFFF,0xFFFF,0xFFFF,0xFFFF,0xFFFF,0xFFFF,0xFFFF,0xFFFF,0xFFDF,0xEF3C,0xD69A,
  0xC5F7,0x8C30,0x62EB,0x7B8E,0xB595,0xBDB6,0xCDF8,0xAD14,0x1061,0x0000,0x4208,0x2104,0x0000,0x3186,
  0xC5D7,0xBD96,0xC5D7,0xA4D3,0x0841,0x0000,0x41C7,0xC5D7,0xC596,0xC5B7,0xC5D7,0x9C92,0xA4F3,0xBDB6,
  0xBDB6,0xC618,0xDEDB,0xF79E,0xFFFF,0xFFFF,0xFFFF,0xFFFF,0xFFFF,0xFFFF,0xFFFF,0xFFFF,0xFFFF,0xFFFF,
  0xFFFF,0xFFFF,0xFFFF,0xFFFF,0xFFFF,0xFFFF,0xFFFF,0xFFFF,0xFFFF,0xFFFF,0xFFFF,0xFFFF,0xFFDF,0xF79E,
  0xF7BE,0xF7BF,0xF7DF,0xFFFF,0xFFFF,0xFFFF,0xFFFF,0xFFFF,0xFFFF,0xFFFF,0xFFFF,0xFFFF,0xFFFF,0xFFFF,
  0xFFFF,0xFFFF,0xFFFF,0xFFFF,0xFFFF,0xFFFF,0xFFFF,0xFFFF,0xFFFF,0xFFFF,0xFFFF,0xFFFF,0xFFFF,0xFFFF,
  0xF77D,0xEF3C,0xDEBA,0xCE18,0xBDB6,0xBD96,0xBD96,0xC5B6,0x732D,0x1061,0x0000,0x0000,0x1082,0x83EF,
  0xC5D7,0xBD96,0xC5B6,0xB575,0x39C6,0x3165,0x6B2C,0xC596,0xC596,0xBD76,0xBD96,0xC5D7,0xD638,0xD679,
  0xEF3C,0xFFBE,0xFFFF,0xFFFF,0xFFDF,0xFFFF,0xFFFF,0xFFFF,0xFFFF,0xFFFF,0xFFFF,0xFFFF,0xFFFF,0xFFFF,
  0xFFFF,0xFFFF,0xFFFF,0xFFFF,0xFFFF,0xFFFF,0xFFFF,0xFFFF,0xFFFF,0xFFFF,0xFFFF,0xFFFF,0xFFDF,0xF79E,
  0xF79E,0xF79E,0xF7BE,0xFFFF,0xFFFF,0xFFFF,0xFFFF,0xFFFF,0xFFFF,0xFFFF,0xFFFF,0xFFFF,0xFFFF,0xFFFF,
  0xFFFF,0xFFFF,0xFFFF,0xFFFF,0xFFFF,0xFFFF,0xFFFF,0xFFFF,0xFFFF,0xFFFF,0xFFFF,0xFFFF,0xFFFF,0xFFFF,
  0xFFFF,0xFFFF,0xFFDF,0xF77D,0xE71C,0xDE9A,0xCE18,0xCDF8,0xC618,0x9CF3,0x83EF,0x83CF,0x9CD3,0xC5D7,
  0xBD96,0xC5B6,0xBD96,0xBDB6,0xB596,0xBDB6,0xC5D7,0xC5D7,0xCE18,0xD659,0xDEBA,0xEF3C,0xFFDE,0xFFFF,
  0xFFFF,0xFFFF,0xFFFF,0xFFFF,0xFFFF,0xFFFF,0xFFFF,0xFFFF,0xFFFF,0xFFFF,0xFFFF,0xFFFF,0xFFFF,0xFFFF,
  0xFFFF,0xFFFF,0xFFFF,0xFFFF,0xFFFF,0xFFFF,0xFFFF,0xFFFF,0xFFFF,0xFFFF,0xFFFF,0xFFFF,0xFFDF,0xF79E,
  0xF7BF,0xF7BE,0xF7DF,0xFFFF,0xFFFF,0xFFFF,0xFFFF,0xFFFF,0xFFFF,0xFFFF,0xFFFF,0xFFFF,0xFFFF,0xFFFF,
  0xFFFF,0xFFFF,0xFFFF,0xFFFF,0xFFFF,0xFFFF,0xFFFF,0xFFFF,0xFFFF,0xFFFF,0xFFFF,0xFFFF,0xFFFF,0xFFFF,
  0xFFFF,0xFFFF,0xFFFF,0xFFFF,0xFFFF,0xFFFF,0xFFFF,0xF7BE,0xEF7D,0xEF5D,0xEF3C,0xE6FB,0xDE9A,0xD679,
  0xD659,0xD659,0xD679,0xDE9A,0xDEDB,0xE6FC,0xEF5D,0xEF7D,0xF7BE,0xFFFF,0xFFFF,0xFFFF,0xFFFF,0xFFFF,
  0xFFFF,0xFFFF,0xFFFF,0xFFFF,0xFFFF,0xFFFF,0xFFFF,0xFFFF,0xFFFF,0xFFFF,0xFFFF,0xFFFF,0xFFFF,0xFFFF,
  0xFFFF,0xFFFF,0xFFFF,0xFFFF,0xFFFF,0xFFFF,0xFFFF,0xFFFF,0xFFFF,0xFFFF,0xFFFF,0xFFFF,0xFFFF,0xF7BE,
};

// ======================================================================
// BOTONES - tipo Boton  (fuente: botones.h)
// ======================================================================
enum Boton : uint8_t { BOTON_NINGUNO = 0, BOTON_ARRIBA, BOTON_ABAJO, BOTON_OK, BOTON_ATRAS };

// ======================================================================
// PROTOTIPOS DE FUNCIONES
// ======================================================================
void pantalla_iniciar();
void pantalla_splash();
void pantalla_menu_protocolo(uint8_t seleccion);
void pantalla_config_p2(uint8_t campo, uint8_t num_puntos, uint16_t* profundidades, uint8_t muestras);
void pantalla_estado(const DatosBoya_t& datos, bool enlaceOk, bool sdOk);
void pantalla_vinculando();
void pantalla_estados_dispositivos(const DatosBoya_t& datos);
void pantalla_barras(const DatosBoya_t& datos);
void pantalla_plano_cartesiano(const DatosBoya_t& datos);
void pantalla_mensaje(const char* linea1, const char* linea2);
void botones_iniciar();
Boton botones_leer();

// ---------- Buzzer ----------
void buzzer_iniciar();
void buzzer_tono(uint16_t frecuencia_hz, uint16_t duracion_ms);
void buzzer_melodia_encendido();
void buzzer_melodia_apagado();
void buzzer_melodia_alerta();
void buzzer_clic();
void buzzer_melodia_vinculado();
void buzzer_melodia_moneda();
void buzzer_melodia_sin_conexion();
void buzzer_melodia_falla();
void espnow_iniciar();
bool espnow_enviar_comando(const ComandoTierra_t& cmd);
bool espnow_hay_datos_nuevos();
DatosBoya_t espnow_obtener_ultimo_dato();
bool espnow_enlace_activo();
bool almacenamiento_iniciar();
bool almacenamiento_ok();
void almacenamiento_guardar(const DatosBoya_t& d);
void nube_iniciar();
bool nube_conectada();
bool nube_subir(const DatosBoya_t& d);
void setup();
void loop();
static void procesarDatoRecibido(const uint8_t* data, int len);
#if ESP_IDF_VERSION_MAJOR >= 5
void onDatoRecibido(const esp_now_recv_info_t* info, const uint8_t* data, int len);
#else
void onDatoRecibido(const uint8_t* mac, const uint8_t* data, int len);
#endif

// ======================================================================
// PANTALLA TFT  (fuente: pantalla.cpp)
// ======================================================================


Adafruit_ST7735 tft = Adafruit_ST7735(TFT_CS, TFT_DC, TFT_RST);

#define COLOR_FONDO   ST77XX_BLACK
#define COLOR_TEXTO   ST77XX_WHITE
#define COLOR_ACENTO  ST77XX_CYAN
#define COLOR_ALERTA  ST77XX_RED
#define COLOR_OK      ST77XX_GREEN

static const char* NOMBRE_PROTOCOLO[3] = {
  "P1 Automatico",
  "P2 Configurable",
  "P3 Reactivo",
};

void pantalla_iniciar() {
  // El bus SPI (SCK=18, MOSI=23) ya debe estar inicializado por SD.begin()
  // en almacenamiento.cpp ANTES de llamar a esta funcion, o se inicializa
  // aqui mismo si la SD se inicia despues. Ver orden en NodoTierra.ino.
  tft.initR(INITR_BLACKTAB);      // ajustar a INITR_GREENTAB si los colores salen invertidos
  tft.setRotation(0);             // vertical, 128x160 (orientacion natural del panel)
  tft.fillScreen(COLOR_FONDO);
  tft.setTextWrap(false);
}

// Dibuja un escudo (56x56, RGB565) comprimido horizontalmente a
// 'anchoDestino' pixeles, centrado. anchoDestino va de 0 a LOGO_LADO
// y decreciendo/creciendo en el tiempo simula el giro de una moneda
// sobre su eje vertical.
void dibujarEscudoEscalado(const uint16_t* bitmap, int anchoDestino) {
  if (anchoDestino <= 0) return;
  int x0 = (PANTALLA_ANCHO - anchoDestino) / 2;
  int y0 = 52;
  for (int yy = 0; yy < LOGO_LADO; yy++) {
    for (int xxDest = 0; xxDest < anchoDestino; xxDest++) {
      int xxSrc = (xxDest * LOGO_LADO) / anchoDestino;
      uint16_t color = pgm_read_word(&bitmap[yy * LOGO_LADO + xxSrc]);
      tft.drawPixel(x0 + xxDest, y0 + yy, color);
    }
  }
}

// Pantalla de inicio: titulo, "Nodo Tierra", escudos estaticos en secuencia
// (Universidad Libre 5 s, luego Ingenieria Industrial) y credito. Cualquier
// boton salta la secuencia de inmediato, para no bloquear el uso del
// resto del dispositivo mientras se gestiona el modulo Boya.
void pantalla_splash() {
  tft.fillScreen(COLOR_FONDO);

  tft.setTextSize(1);
  tft.setTextColor(COLOR_ACENTO);
  tft.setCursor(4, 2);
  tft.print("Muestreador de");
  tft.setCursor(4, 10);
  tft.print("Calidad de Aguas");

  tft.setTextSize(2);
  tft.setTextColor(COLOR_TEXTO);
  tft.setCursor(4, 20);
  tft.print("Nodo");
  tft.setCursor(4, 36);
  tft.print("Tierra");

  // Insignia de Modo Prueba como badge en la esquina, para no quitarle
  // espacio vertical al logo (que ahora es mucho mas grande).
  if (g_modoPrueba) {
    tft.fillRect(84, 0, 44, 10, COLOR_ALERTA);
    tft.setTextColor(COLOR_TEXTO);
    tft.setCursor(86, 1);
    tft.print("PRUEBA");
  }

  tft.setTextSize(1);
  tft.setTextColor(COLOR_TEXTO);
  tft.setCursor(4, 140);
  tft.print("Hecho por");
  tft.setCursor(4, 150);
  tft.print("Ing. Jair E.");

  // --- Escudos estaticos (sin giro): primero Universidad Libre 5 s,
  //     despues Ingenieria Industrial. Cualquier boton salta todo. ---
  tft.fillRect(0, 52, PANTALLA_ANCHO, LOGO_LADO, COLOR_FONDO);
  dibujarEscudoEscalado(logo_universidad_libre, LOGO_LADO);
  unsigned long t0 = millis();
  while (millis() - t0 < 5000) {
    if (botones_leer() != BOTON_NINGUNO) return;   // salta toda la intro
  }

  tft.fillRect(0, 52, PANTALLA_ANCHO, LOGO_LADO, COLOR_FONDO);
  dibujarEscudoEscalado(logo_ingenieria_industrial, LOGO_LADO);
  unsigned long t1 = millis();
  while (millis() - t1 < 3000) {
    if (botones_leer() != BOTON_NINGUNO) return;
  }
}

// Pantalla de seleccion de protocolo (menu principal, navegado con UP/DOWN/OK)
void pantalla_menu_protocolo(uint8_t seleccion) {
  tft.fillScreen(COLOR_FONDO);
  tft.setTextSize(1);
  tft.setTextColor(COLOR_ACENTO);
  tft.setCursor(4, 2);
  tft.print("Elegir protocolo");
  if (g_modoPrueba) {
    tft.setTextColor(COLOR_ALERTA);
    tft.setCursor(4, 12);
    tft.print("[MODO PRUEBA]");
    tft.setTextColor(COLOR_ACENTO);
  }
  tft.drawFastHLine(0, 22, PANTALLA_ANCHO, COLOR_ACENTO);

  const uint8_t* iconos[3] = {icono_reloj, icono_config, icono_alerta};

  for (uint8_t i = 0; i < 3; i++) {
    int y = 30 + i * 30;
    bool activo = (i == seleccion);
    if (activo) {
      tft.fillRect(0, y - 3, PANTALLA_ANCHO, 26, ST77XX_BLUE);
    }
    tft.drawBitmap(6, y, iconos[i], 8, 16, activo ? COLOR_TEXTO : COLOR_ACENTO);
    tft.setCursor(28, y + 4);
    tft.setTextColor(activo ? COLOR_TEXTO : COLOR_ACENTO);
    tft.print(NOMBRE_PROTOCOLO[i]);
  }

  tft.setTextColor(COLOR_TEXTO);
  tft.setCursor(4, 140);
  tft.print("OK = elegir");
  tft.setCursor(4, 150);
  tft.print("UP/DN = mover");
}

// Pantalla de configuracion del Protocolo 2 (edicion con los 4 botones)
// campo: 0=num_puntos, 1..5=profundidad de cada punto, 6=muestras_por_ciclo
void pantalla_config_p2(uint8_t campo, uint8_t num_puntos, uint16_t* profundidades, uint8_t muestras) {
  tft.fillScreen(COLOR_FONDO);
  tft.setTextSize(1);
  tft.setTextColor(COLOR_ACENTO);
  tft.setCursor(4, 2);
  tft.print("Config. Protocolo 2");
  tft.drawFastHLine(0, 12, PANTALLA_ANCHO, COLOR_ACENTO);
  tft.drawBitmap(108, 14, icono_config, 8, 16, COLOR_ACENTO);

  tft.setTextColor(campo == 0 ? COLOR_OK : COLOR_TEXTO);
  tft.setCursor(4, 18);
  tft.print("Puntos prof.: ");
  tft.print(num_puntos);

  for (uint8_t i = 0; i < num_puntos && i < 5; i++) {
    tft.setTextColor((campo == i + 1) ? COLOR_OK : COLOR_TEXTO);
    tft.setCursor(10, 34 + i * 12);
    tft.print("Punto ");
    tft.print(i + 1);
    tft.print(": ");
    tft.print(profundidades[i]);
    tft.print(" cm");
  }

  tft.setTextColor(campo == 6 ? COLOR_OK : COLOR_TEXTO);
  tft.setCursor(4, 100);
  tft.print("Muestras/ciclo: ");
  tft.print(muestras);

  tft.setTextColor(COLOR_TEXTO);
  tft.setCursor(4, 136);
  tft.print("UP/DN = valor");
  tft.setCursor(4, 146);
  tft.print("OK = siguiente");
  tft.setCursor(4, 156);
  tft.print("BACK = enviar");
}

// Genera ".", "..", "...", "..", "." (creciente y decreciente en el
// tiempo) -- se usa en vez de un valor cuando ese dato todavia no ha
// llegado de la Boya, para no mostrar un cero o un numero viejo como si
// fuera valido.
String puntosSuspensivosAnimados(uint8_t maxPuntos = 3, uint16_t periodoMs = 350) {
  uint32_t ciclo = (millis() / periodoMs) % (uint32_t)(2 * maxPuntos);
  uint8_t n = (ciclo <= maxPuntos) ? (uint8_t)ciclo : (uint8_t)(2 * maxPuntos - ciclo);
  if (n == 0) n = 1;
  String s;
  for (uint8_t i = 0; i < n; i++) s += '.';
  return s;
}

// Pantalla de estado / telemetria recibida de la Boya
// Se muestra apenas termina el splash. Espera el primer paquete real del
// Nodo 2 (o el primero simulado, si esta activo el Modo Prueba) antes de
// dejar avanzar. BACK permite saltarla manualmente (util para pruebas de
// banco sin la Boya encendida).
void pantalla_vinculando() {
  tft.fillScreen(COLOR_FONDO);
  tft.setTextSize(1);
  tft.setTextColor(COLOR_ACENTO);
  tft.setCursor(4, 4);
  tft.print("Nodo 1 (Tierra)");
  tft.setTextSize(2);
  tft.setTextColor(COLOR_TEXTO);
  tft.setCursor(4, 60);
  tft.print("Vincul.");
  tft.setCursor(4, 78);
  tft.print("con 2");
  tft.print(puntosSuspensivosAnimados());
  tft.setTextSize(1);
  tft.setTextColor(COLOR_ACENTO);
  tft.setCursor(4, 130);
  tft.print("Esperando la Boya");
  tft.setCursor(4, 140);
  tft.print("(Nodo 2)");
  tft.setCursor(4, 152);
  tft.print("BACK = omitir");
}

// Lista de sensores/actuadores de la Boya con su estado (bit a bit desde
// estado_dispositivos). OK avanza a la pantalla de barras.
void pantalla_estados_dispositivos(const DatosBoya_t& datos) {
  Serial.println("[PANTALLA] entrando a pantalla_estados_dispositivos()");
  tft.fillScreen(COLOR_FONDO);
  tft.setTextSize(1);
  tft.setTextColor(COLOR_ACENTO);
  tft.setCursor(4, 2);
  tft.print("Nodo 2: estado");
  tft.drawFastHLine(0, 12, PANTALLA_ANCHO, COLOR_ACENTO);

  struct { const char* nombre; uint16_t bit; } items[] = {
    {"Ascensor",   BIT_ASCENSOR_OK},
    {"Bomba purga",BIT_BOMBA_PURGA_OK},
    {"Bomba muestreo", BIT_BOMBA_MUESTREO_OK},
    {"Sensor pH",  BIT_SENSOR_PH_OK},
    {"Sensor Cond",BIT_SENSOR_COND_OK},
    {"Sensor Turb",BIT_SENSOR_TURBIDEZ_OK},
    {"Sensor Temp",BIT_SENSOR_TEMP_OK},
    {"US1 columna",BIT_US1_OK},
    {"US2 calado", BIT_US2_OK},
    {"US3 carro",  BIT_US3_OK},
  };
  for (int i = 0; i < 10; i++) {
    bool ok = datos.estado_dispositivos & items[i].bit;
    tft.setTextColor(ok ? COLOR_OK : COLOR_ALERTA);
    tft.setCursor(4, 16 + i * 12);
    tft.print(items[i].nombre);
    tft.setCursor(100, 16 + i * 12);
    tft.print(ok ? "OK" : "--");
  }

  tft.setTextColor(COLOR_TEXTO);
  tft.setCursor(4, 150);
  tft.print("OK = continuar");
  Serial.println("[PANTALLA] saliendo de pantalla_estados_dispositivos() -- deberia verse ya en la TFT");
}

// Barras verticales delgadas de colores distintos, en vivo, para los 3
// sensores ultrasonicos y los 4 parametros de la sonda.
void pantalla_barras(const DatosBoya_t& datos) {
  tft.fillScreen(COLOR_FONDO);
  tft.setTextSize(1);
  tft.setTextColor(COLOR_ACENTO);
  tft.setCursor(4, 2);
  tft.print("Nodo 2: lecturas");
  tft.drawFastHLine(0, 12, PANTALLA_ANCHO, COLOR_ACENTO);

  // Cada barra: {valor, max_esperado, color, etiqueta}
  struct { float valor; float maxEsperado; uint16_t color; const char* etiqueta; } barras[] = {
    {datos.columna_total_cm, 200.0f, ST77XX_CYAN,   "COL"},
    {datos.calado_boya_cm,    50.0f, ST77XX_BLUE,   "CAL"},
    {datos.pos_carro_cm,     120.0f, ST77XX_WHITE,  "CAR"},
    {datos.ph,                14.0f, ST77XX_GREEN,  "PH"},
    {datos.conductividad_us,1000.0f, ST77XX_YELLOW, "COND"},
    {datos.turbidez_ntu,     100.0f, 0xFD20,         "TURB"},  // naranja (RGB565 directo)
    {datos.temperatura_c,     40.0f, ST77XX_RED,    "TEMP"},
  };
  const int nBarras = 7;
  const int anchoBarra = 12;
  const int espacio = 6;
  const int yBase = 130;      // linea base de las barras
  const int alturaMax = 100;  // alto maximo de una barra llena

  int x = 4;
  for (int i = 0; i < nBarras; i++) {
    float frac = barras[i].valor / barras[i].maxEsperado;
    frac = constrain(frac, 0.0f, 1.0f);
    int alto = (int)(frac * alturaMax);

    tft.drawRect(x, yBase - alturaMax, anchoBarra, alturaMax, COLOR_ACENTO);
    tft.fillRect(x, yBase - alto, anchoBarra, alto, barras[i].color);

    tft.setTextColor(COLOR_TEXTO);
    tft.setCursor(x - 1, yBase + 2);
    tft.print(barras[i].etiqueta);

    x += anchoBarra + espacio;
  }

  tft.setTextColor(COLOR_ACENTO);
  tft.setCursor(4, 150);
  tft.print("OK = elegir protocolo");
}

// ======================================================================
// PLANO CARTESIANO -- trazado del lecho del rio
// Eje X = avance horizontal (GPS, simulado hasta instalar el modulo real)
// Eje Y = profundidad. Y=0 es la linea de flotabilidad (superficie);
// hacia abajo en pantalla = profundidad positiva creciente (visualmente
// equivale a "Y negativo" en el sentido matematico que se pidio).
// ======================================================================
// TRAZA_MAX_PUNTOS controla cuanto tiempo/distancia cubre el trazado
// antes de empezar a descartar los puntos mas viejos (buffer circular).
// Ejemplo: con el filtro de 0.15 m entre puntos (mas abajo), 100 puntos
// cubren ~15 m de recorrido. Si la Boya avanza ~0.25 m/s, eso equivale
// a ~60 s de historial visible. Sube este numero si necesitas cubrir mas
// tiempo/distancia (cada punto ocupa 8 bytes, hay memoria de sobra).
#define TRAZA_MAX_PUNTOS 100
struct PuntoTraza { float x_m; float prof_cm; };
static PuntoTraza g_traza[TRAZA_MAX_PUNTOS];
static uint8_t g_trazaCount = 0;
static uint8_t g_trazaInicio = 0;
static float g_ultimoXRegistrado = -999.0f;

// Suavizado tipo Chaikin (una pasada, "corte de esquinas"): convierte una
// polilinea de segmentos rectos en una curva mas redondeada, sin necesitar
// splines completos -- barato en CPU y memoria para un microcontrolador.
struct PtoPix { int16_t x; int16_t y; };

int suavizarChaikin(PtoPix* origen, int n, PtoPix* destino) {
  if (n < 3) {
    for (int i = 0; i < n; i++) destino[i] = origen[i];
    return n;
  }
  int m = 0;
  destino[m++] = origen[0];
  for (int i = 0; i < n - 1; i++) {
    PtoPix a = origen[i], b = origen[i + 1];
    destino[m++] = { (int16_t)(a.x + (b.x - a.x) * 0.25f), (int16_t)(a.y + (b.y - a.y) * 0.25f) };
    destino[m++] = { (int16_t)(a.x + (b.x - a.x) * 0.75f), (int16_t)(a.y + (b.y - a.y) * 0.75f) };
  }
  destino[m++] = origen[n - 1];
  return m;
}

void trazaAgregarPunto(float x_m, float prof_cm) {
  // Filtra puntos demasiado seguidos, para no saturar el buffer mientras
  // la Boya practicamente no se mueve.
  if (g_trazaCount > 0 && fabs(x_m - g_ultimoXRegistrado) < 0.15f) return;
  g_ultimoXRegistrado = x_m;
  uint8_t idx = (g_trazaInicio + g_trazaCount) % TRAZA_MAX_PUNTOS;
  if (g_trazaCount < TRAZA_MAX_PUNTOS) {
    g_traza[idx].x_m = x_m;
    g_traza[idx].prof_cm = prof_cm;
    g_trazaCount++;
  } else {
    g_traza[g_trazaInicio].x_m = x_m;
    g_traza[g_trazaInicio].prof_cm = prof_cm;
    g_trazaInicio = (g_trazaInicio + 1) % TRAZA_MAX_PUNTOS;
  }
}

const char* nombreFaseFsm(uint8_t fase) {
  switch (fase) {
    case ESTADO_FSM_MEDIR_COLUMNA:     return "Midiendo columna";
    case ESTADO_FSM_BAJAR:             return "Ascensor bajando";
    case ESTADO_FSM_ESTABILIZAR:       return "Estabilizando";
    case ESTADO_FSM_LEER_SONDA:        return "Sonda midiendo";
    case ESTADO_FSM_PURGAR:            return "Purgando";
    case ESTADO_FSM_LLENAR_RECIPIENTE: return "Tomando muestra";
    case ESTADO_FSM_SUBIR_HOME:        return "Ascensor subiendo";
    case ESTADO_FSM_REGISTRAR_ENVIAR:  return "Registrando datos";
    default:                           return "Error";
  }
}

void pantalla_plano_cartesiano(const DatosBoya_t& datos) {
  tft.fillScreen(COLOR_FONDO);
  tft.setTextSize(1);
  tft.setTextColor(COLOR_ACENTO);
  tft.setCursor(2, 2);
  tft.print("Lecho del rio (Nodo 2)");
  tft.setTextColor(ST77XX_YELLOW);
  tft.setCursor(2, 12);
  tft.print("Avance GPS: ");
  tft.print(datos.gps_avance_m, 1);
  tft.print(" m");

  // Registrar el punto actual del lecho (US1) en la traza
  if (datos.estado_dispositivos & BIT_US1_OK) {
    trazaAgregarPunto(datos.gps_avance_m, datos.columna_total_cm);
  }

  const int plotX0 = 24, plotX1 = PANTALLA_ANCHO - 4;
  const int y0 = 26;      // linea de flotabilidad (Y=0)
  const int yMax = 104;   // limite inferior del area de dibujo (deja espacio a las etiquetas X debajo)
  const float PX_POR_CM = 0.5f;

  // Eje Y=0 -- linea de flotabilidad
  tft.drawFastHLine(plotX0, y0, plotX1 - plotX0, COLOR_TEXTO);
  tft.setTextColor(COLOR_TEXTO);
  tft.setCursor(plotX0, y0 - 9);
  tft.print("Y=0 (flotabilidad)");

  // Escala numerica del eje Y (profundidad en cm), cada 40 cm
  tft.setTextColor(COLOR_ACENTO);
  for (int cm = 40; y0 + (int)(cm * PX_POR_CM) <= yMax; cm += 40) {
    int ytick = y0 + (int)(cm * PX_POR_CM);
    tft.drawFastHLine(plotX0 - 3, ytick, 3, COLOR_ACENTO);
    tft.setCursor(0, ytick - 3);
    tft.print(cm);
  }

  // Escala horizontal segun el rango de X ya registrado
  float xMin = 1e9f, xMax = -1e9f;
  for (uint8_t i = 0; i < g_trazaCount; i++) {
    float x = g_traza[(g_trazaInicio + i) % TRAZA_MAX_PUNTOS].x_m;
    if (x < xMin) xMin = x;
    if (x > xMax) xMax = x;
  }
  if (g_trazaCount < 2) { xMin = 0; xMax = 1; }
  float rangoX = (xMax - xMin < 0.5f) ? 0.5f : (xMax - xMin);

  // Escala numerica del eje X (metros de avance), 4 marcas
  tft.setTextColor(COLOR_ACENTO);
  for (int i = 0; i <= 4; i++) {
    float valorM = xMin + rangoX * i / 4.0f;
    int xtick = plotX0 + (int)((float)i / 4.0f * (plotX1 - plotX0));
    tft.drawFastVLine(xtick, yMax, 3, COLOR_ACENTO);
    tft.setCursor(constrain(xtick - 8, 0, PANTALLA_ANCHO - 20), yMax + 5);
    tft.print(valorM, 1);
  }

  // Trazado del lecho: primero se calculan los puntos en pixeles, luego
  // se suavizan (Chaikin, 1 pasada) para una curva mas "profesional" en
  // vez de segmentos rectos entre cada medicion.
  static PtoPix crudo[TRAZA_MAX_PUNTOS];
  static PtoPix suave[TRAZA_MAX_PUNTOS * 2 + 2];
  int nCrudo = 0;
  for (uint8_t i = 0; i < g_trazaCount; i++) {
    PuntoTraza p = g_traza[(g_trazaInicio + i) % TRAZA_MAX_PUNTOS];
    int px = plotX0 + (int)(((p.x_m - xMin) / rangoX) * (plotX1 - plotX0));
    int py = constrain((int)(y0 + p.prof_cm * PX_POR_CM), y0, yMax);
    crudo[nCrudo].x = px; crudo[nCrudo].y = py;
    nCrudo++;
  }
  int nSuave = suavizarChaikin(crudo, nCrudo, suave);
  for (int i = 0; i < nSuave - 1; i++) {
    tft.drawLine(suave[i].x, suave[i].y, suave[i+1].x, suave[i+1].y, ST77XX_CYAN);
  }
  // Puntos reales de medicion, encima de la curva suavizada
  for (int i = 0; i < nCrudo; i++) {
    tft.fillCircle(crudo[i].x, crudo[i].y, 2, ST77XX_CYAN);
  }

  // Marcadores actuales (calado y carro/sonda), pegados al borde derecho
  int pxActual = plotX1 - 2;
  if (datos.estado_dispositivos & BIT_US2_OK) {
    int pyCal = constrain((int)(y0 + datos.calado_boya_cm * PX_POR_CM), y0, yMax);
    tft.fillCircle(pxActual, pyCal, 3, ST77XX_BLUE);
  }
  if (datos.estado_dispositivos & BIT_US3_OK) {
    int pyCarro = constrain((int)(y0 + datos.pos_carro_cm * PX_POR_CM), y0, yMax);
    tft.fillCircle(pxActual, pyCarro, 3, ST77XX_WHITE);

    // Flecha de direccion del ascensor, segun la fase activa
    if (datos.estado_fsm == ESTADO_FSM_BAJAR) {
      tft.setTextColor(ST77XX_YELLOW);
      tft.setCursor(pxActual - 30, pyCarro - 4);
      tft.print("v BAJA");
    } else if (datos.estado_fsm == ESTADO_FSM_SUBIR_HOME) {
      tft.setTextColor(ST77XX_YELLOW);
      tft.setCursor(pxActual - 30, pyCarro - 4);
      tft.print("^ SUBE");
    }
  }

  // Leyenda de colores (compacta)
  tft.setTextSize(1);
  tft.fillCircle(6, 122, 2, ST77XX_CYAN);   tft.setTextColor(ST77XX_CYAN);   tft.setCursor(11, 119); tft.print("Lecho");
  tft.fillCircle(46, 122, 2, ST77XX_BLUE);  tft.setTextColor(ST77XX_BLUE);   tft.setCursor(51, 119); tft.print("Calado");
  tft.fillCircle(94, 122, 2, ST77XX_WHITE); tft.setTextColor(ST77XX_WHITE);  tft.setCursor(99, 119); tft.print("Carro");

  // Simbolo de fase activa (sonda midiendo / purgando / tomando muestra)
  uint16_t colorBadge = COLOR_ACENTO;
  bool mostrarBadge = true;
  const char* textoBadge = "";
  switch (datos.estado_fsm) {
    case ESTADO_FSM_LEER_SONDA:        textoBadge = "* SONDA MIDIENDO *";  colorBadge = ST77XX_GREEN;  break;
    case ESTADO_FSM_PURGAR:            textoBadge = "* PURGANDO *";       colorBadge = 0xFD20;         break;
    case ESTADO_FSM_LLENAR_RECIPIENTE: textoBadge = "* TOMANDO MUESTRA *";colorBadge = ST77XX_MAGENTA; break;
    default: mostrarBadge = false; break;
  }
  if (mostrarBadge) {
    int anchoTexto = strlen(textoBadge) * 6;
    tft.fillRect(2, 145, anchoTexto + 6, 10, colorBadge);
    tft.setTextColor(ST77XX_BLACK);
    tft.setCursor(5, 147);
    tft.print(textoBadge);
  } else {
    tft.setTextColor(COLOR_ACENTO);
    tft.setCursor(2, 147);
    tft.print(nombreFaseFsm(datos.estado_fsm));
  }

  tft.setTextColor(COLOR_ACENTO);
  tft.setCursor(2, 157);
  tft.print("BACK=menu OK=lecturas");
}

void pantalla_estado(const DatosBoya_t& datos, bool enlaceOk, bool sdOk) {
  tft.fillScreen(COLOR_FONDO);
  tft.setTextSize(1);

  // --- barra superior de iconos de estado ---
  tft.drawBitmap(2, 2, icono_enlace, 8, 16, enlaceOk ? COLOR_OK : COLOR_ALERTA);
  tft.drawBitmap(16, 2, icono_sd, 8, 16, sdOk ? COLOR_OK : COLOR_ALERTA);
  tft.drawBitmap(30, 2, icono_bateria, 8, 16, datos.bateria_pct > 20 ? COLOR_OK : COLOR_ALERTA);
  tft.setCursor(40, 6);
  tft.setTextColor(COLOR_TEXTO);
  tft.print(datos.bateria_pct);
  tft.print("%");

  const uint8_t* icono_proto = icono_reloj;
  if (datos.protocolo_activo == PROTOCOLO_P2_CONFIGURABLE) icono_proto = icono_config;
  if (datos.protocolo_activo == PROTOCOLO_P3_REACTIVO)     icono_proto = icono_alerta;
  tft.drawBitmap(72, 2, icono_proto, 8, 16, COLOR_ACENTO);
  tft.setCursor(84, 6);
  tft.print("P");
  tft.print(datos.protocolo_activo);

  if (g_modoPrueba) {
    tft.fillRect(104, 0, 24, 10, COLOR_ALERTA);
    tft.setCursor(105, 1);
    tft.setTextColor(COLOR_TEXTO);
    tft.print("SIM");
  }

  tft.drawFastHLine(0, 20, PANTALLA_ANCHO, COLOR_ACENTO);

  // --- lecturas ---
  // Si el bit BIT_SENSOR_*_OK correspondiente no esta activo, se muestra
  // una animacion de puntos suspensivos en vez del valor -- para no
  // confundir "sensor sin dato" con "sensor midiendo 0".
  tft.setTextColor(COLOR_TEXTO);
  bool okPh   = datos.estado_dispositivos & BIT_SENSOR_PH_OK;
  bool okCond = datos.estado_dispositivos & BIT_SENSOR_COND_OK;
  bool okTurb = datos.estado_dispositivos & BIT_SENSOR_TURBIDEZ_OK;
  bool okTemp = datos.estado_dispositivos & BIT_SENSOR_TEMP_OK;

  tft.setCursor(2, 30);  tft.print("pH:   ");
  if (okPh) tft.print(datos.ph, 2); else tft.print(puntosSuspensivosAnimados());

  tft.setCursor(2, 44);  tft.print("Cond: ");
  if (okCond) { tft.print(datos.conductividad_us, 0); tft.print(" uS/cm"); }
  else tft.print(puntosSuspensivosAnimados());

  tft.setCursor(2, 58);  tft.print("OD:   ");
  tft.print(puntosSuspensivosAnimados());   // sensor de OD no instalado todavia

  tft.setCursor(2, 72);  tft.print("Turb: ");
  if (okTurb) { tft.print(datos.turbidez_ntu, 1); tft.print(" NTU"); }
  else tft.print(puntosSuspensivosAnimados());

  tft.setCursor(2, 86);  tft.print("Temp: ");
  if (okTemp) { tft.print(datos.temperatura_c, 1); tft.print(" C"); }
  else tft.print(puntosSuspensivosAnimados());

  tft.setCursor(2, 100); tft.print("Prof: ");
  if (okPh || okCond || okTurb || okTemp || datos.profundidad_cm > 0)
    { tft.print(datos.profundidad_cm, 0); tft.print(" cm"); }
  else tft.print(puntosSuspensivosAnimados());

  if (datos.error_flags != 0) {
    tft.fillRect(0, 114, PANTALLA_ANCHO, 12, COLOR_ALERTA);
    tft.setCursor(2, 116);
    tft.setTextColor(COLOR_TEXTO);
    tft.print("ALERTA cod 0x");
    tft.print(datos.error_flags, HEX);
  }

  tft.setTextColor(COLOR_ACENTO);
  tft.setCursor(4, 150);
  tft.print("BACK=menu OK=plano");
}

void pantalla_mensaje(const char* linea1, const char* linea2) {
  tft.fillScreen(COLOR_FONDO);
  tft.setTextSize(1);
  tft.setTextColor(COLOR_TEXTO);
  tft.setCursor(4, 74);
  tft.print(linea1);
  tft.setCursor(4, 86);
  tft.print(linea2);
}

// ======================================================================
// BOTONES - implementacion  (fuente: botones.cpp)
// ======================================================================


static unsigned long ultimoEvento = 0;

void botones_iniciar() {
  pinMode(BTN_UP, INPUT_PULLUP);
  pinMode(BTN_DOWN, INPUT_PULLUP);
  pinMode(BTN_OK, INPUT_PULLUP);
  pinMode(BTN_BACK, INPUT_PULLUP);
}

Boton botones_leer() {
  if (millis() - ultimoEvento < DEBOUNCE_MS) return BOTON_NINGUNO;

  Boton resultado = BOTON_NINGUNO;
  if (digitalRead(BTN_UP)   == LOW) resultado = BOTON_ARRIBA;
  else if (digitalRead(BTN_DOWN) == LOW) resultado = BOTON_ABAJO;
  else if (digitalRead(BTN_OK)   == LOW) resultado = BOTON_OK;
  else if (digitalRead(BTN_BACK) == LOW) resultado = BOTON_ATRAS;

  if (resultado != BOTON_NINGUNO) {
    ultimoEvento = millis();
    // ---- DIAGNOSTICO TEMPORAL: quitar estas 2 lineas cuando ya funcione ----
    const char* nombres[] = {"NINGUNO", "ARRIBA", "ABAJO", "OK", "ATRAS"};
    Serial.printf("[BOTON] detectado=%s  (UP=%d DOWN=%d OK=%d BACK=%d)\n",
                  nombres[resultado], digitalRead(BTN_UP), digitalRead(BTN_DOWN),
                  digitalRead(BTN_OK), digitalRead(BTN_BACK));
  }
  return resultado;
}

// ======================================================================
// BUZZER - alertas, encendido, apagado
// ======================================================================
// Implementado por toggle manual del pin (sin usar la API de LEDC), para
// que funcione identico sin importar la version del core ESP32 instalada.
// Sirve tanto para buzzer pasivo (necesita la frecuencia para sonar) como
// para buzzer activo (con oscilador propio: alcanza con ponerlo en HIGH).

void buzzer_iniciar() {
  pinMode(PIN_BUZZER, OUTPUT);
  digitalWrite(PIN_BUZZER, LOW);
}

// Genera un tono de 'frecuencia_hz' durante 'duracion_ms'.
// Buzzer PASIVO: se usa tal cual, la frecuencia define el tono.
// Buzzer ACTIVO: la frecuencia no importa (el buzzer ya oscila solo);
//   si el sonido se escucha entrecortado, cambiar el cuerpo de esta
//   funcion por: digitalWrite(PIN_BUZZER, HIGH); delay(duracion_ms);
//   digitalWrite(PIN_BUZZER, LOW);
void buzzer_tono(uint16_t frecuencia_hz, uint16_t duracion_ms) {
  if (frecuencia_hz == 0) { delay(duracion_ms); return; }
  uint32_t periodo_us = 1000000UL / frecuencia_hz;
  uint32_t medio_us   = periodo_us / 2;
  uint32_t ciclos     = ((uint32_t)duracion_ms * 1000UL) / periodo_us;
  for (uint32_t i = 0; i < ciclos; i++) {
    digitalWrite(PIN_BUZZER, HIGH);
    delayMicroseconds(medio_us);
    digitalWrite(PIN_BUZZER, LOW);
    delayMicroseconds(medio_us);
    yield();   // mismo motivo que en ascensor_homing() del Nodo Boya: un
               // bucle bloqueante largo sin ceder el CPU puede disparar
               // el Task Watchdog del ESP32 y reiniciar la placa a mitad
               // de una melodia -- eso reiniciaria estadoActual de vuelta
               // a UI_VINCULANDO, dando la apariencia de que "nunca avanza"
  }
}

// Dos notas ascendentes cortas -> se usa una vez en setup(), al energizar.
void buzzer_melodia_encendido() {
  buzzer_tono(1000, 90);
  delay(30);
  buzzer_tono(1600, 130);
}

// Dos notas descendentes -> lista para usarla cuando se agregue una rutina
// de apagado/reposo (hoy el firmware no tiene ese punto de entrada; queda
// disponible para llamarla apenas se defina ese flujo).
void buzzer_melodia_apagado() {
  buzzer_tono(1600, 100);
  delay(30);
  buzzer_tono(800, 160);
}

// Tres bips cortos e iguales -> alerta (error_flags != 0 en la telemetria).
void buzzer_melodia_alerta() {
  for (uint8_t i = 0; i < 3; i++) {
    buzzer_tono(2200, 90);
    delay(70);
  }
}

// Bip muy corto de confirmacion al presionar un boton valido.
void buzzer_clic() {
  if (!BUZZER_CLIC_BOTONES) return;
  buzzer_tono(1800, 25);
}

// ---- Melodias estilo "Mario Bros" (motivos cortos, no la cancion completa) ----

// Arpegio ascendente tipo "saliendo del tunel" -- se usa cuando la Boya
// (Nodo 2) se vincula por primera vez y llega el primer dato real.
void buzzer_melodia_vinculado() {
  buzzer_tono(523, 100);   // C5
  buzzer_tono(659, 100);   // E5
  buzzer_tono(784, 100);   // G5
  buzzer_tono(1047, 220);  // C6
}

// "Moneda" -- dos notas cortas, disponible para marcar eventos puntuales
// (por ejemplo, cada vez que se completa un ciclo de muestreo).
void buzzer_melodia_moneda() {
  buzzer_tono(988, 60);    // B5
  buzzer_tono(1319, 200);  // E6
}

// Descenso tipo "game over" -- se usa cuando se PIERDE el enlace con la
// Boya (pasa de conectado a no-conectado).
void buzzer_melodia_sin_conexion() {
  buzzer_tono(400, 150);
  delay(40);
  buzzer_tono(300, 150);
  delay(40);
  buzzer_tono(200, 280);
}

// Dos golpes graves cortos -- fallo puntual (ej. no se pudo enviar un
// comando de protocolo a la Boya).
void buzzer_melodia_falla() {
  buzzer_tono(150, 90);
  delay(60);
  buzzer_tono(150, 90);
}

// ======================================================================
// COMUNICACION ESP-NOW CON LA BOYA  (fuente: comunicacion_boya.cpp)
// ======================================================================


static DatosBoya_t datoInternoBoya;
static volatile bool datoNuevo = false;
static unsigned long ultimoDatoMillis = 0;
static volatile int ultimoLenCrudo = -1;      // *** DIAGNOSTICO: tamano de CUALQUIER
static volatile bool huboRecepcionCruda = false;  // paquete recibido, coincida o no el tamano esperado

static void procesarDatoRecibido(const uint8_t* data, int len) {
  ultimoLenCrudo = len;
  huboRecepcionCruda = true;
  if (len == sizeof(DatosBoya_t)) {
    memcpy((void*)&datoInternoBoya, data, sizeof(DatosBoya_t));
    datoNuevo = true;
    ultimoDatoMillis = millis();
  }
}

// --- callback de recepcion (se ejecuta en interrupcion, mantener corto) ---
#if ESP_IDF_VERSION_MAJOR >= 5
// Core ESP32 3.x (Arduino IDE reciente)
void IRAM_ATTR onDatoRecibido(const esp_now_recv_info_t* info, const uint8_t* data, int len) {
  procesarDatoRecibido(data, len);
}
#else
// Core ESP32 2.x
void IRAM_ATTR onDatoRecibido(const uint8_t* mac, const uint8_t* data, int len) {
  procesarDatoRecibido(data, len);
}
#endif

void espnow_iniciar() {
  WiFi.mode(WIFI_STA);
  delay(100);   // margen para que el radio Wi-Fi termine de levantar antes de leer la MAC
  Serial.print("MAC de este Tierra: ");
  Serial.println(WiFi.macAddress());

  if (esp_now_init() != ESP_OK) {
    Serial.println("ERROR: no se pudo iniciar ESP-NOW");
    return;
  }
  esp_now_register_recv_cb(onDatoRecibido);

  esp_now_peer_info_t peer = {};
  memcpy(peer.peer_addr, MAC_NODO_BOYA, 6);
  peer.channel = 0;      // 0 = usar el canal WiFi actual
  peer.encrypt = false;
  if (!esp_now_is_peer_exist(MAC_NODO_BOYA)) {
    esp_err_t r = esp_now_add_peer(&peer);
    Serial.print("esp_now_add_peer (Boya) resultado: ");
    Serial.println(r == ESP_OK ? "OK" : "ERROR");
  }
  Serial.println("ESP-NOW OK. Esperando paquetes de la Boya...");
}

bool espnow_enviar_comando(const ComandoTierra_t& cmd) {
  esp_err_t r = esp_now_send(MAC_NODO_BOYA, (const uint8_t*)&cmd, sizeof(cmd));
  return r == ESP_OK;
}

bool espnow_hay_datos_nuevos() {
  if (datoNuevo) {
    datoNuevo = false;
    return true;
  }
  return false;
}

DatosBoya_t espnow_obtener_ultimo_dato() {
  return datoInternoBoya;
}

bool espnow_enlace_activo() {
  // RF-CN-02: si no llega nada en mas de 2 minutos, se asume enlace caido
  // (los datos siguen a salvo en la microSD local de la Boya).
  return (millis() - ultimoDatoMillis) < (2UL * 60UL * 1000UL);
}

// ======================================================================
// ALMACENAMIENTO EN MICROSD  (fuente: almacenamiento.cpp)
// ======================================================================


static bool sdLista = false;
static const char* ARCHIVO_LOG = "/TELEMETRIA.CSV";

bool almacenamiento_iniciar() {
  // El bus SPI (SCK=18, MOSI=23, MISO=19) es compartido con la TFT;
  // SD.begin() se encarga de inicializarlo si aun no lo estaba.
  sdLista = SD.begin(SD_CS);

  if (sdLista && !SD.exists(ARCHIVO_LOG)) {
    File f = SD.open(ARCHIVO_LOG, FILE_WRITE);
    if (f) {
      f.println("timestamp,lat,lon,profundidad_cm,ph,conductividad_us,od_mgL,turbidez_ntu,temp_c,bateria_pct,protocolo,muestras_ciclo,error_flags,paquetes_perdidos");
      f.close();
    }
  }
  return sdLista;
}

bool almacenamiento_ok() {
  return sdLista;
}

void almacenamiento_guardar(const DatosBoya_t& d) {
  if (!sdLista) return;

  File f = SD.open(ARCHIVO_LOG, FILE_APPEND);
  if (!f) {
    sdLista = false;   // se perdio la tarjeta en caliente; se reintentara en el proximo ciclo
    return;
  }
  f.print(d.timestamp);        f.print(',');
  f.print(d.latitud, 6);       f.print(',');
  f.print(d.longitud, 6);      f.print(',');
  f.print(d.profundidad_cm,1); f.print(',');
  f.print(d.ph, 2);            f.print(',');
  f.print(d.conductividad_us,1); f.print(',');
  f.print(d.oxigeno_disuelto,2); f.print(',');
  f.print(d.turbidez_ntu,1);   f.print(',');
  f.print(d.temperatura_c,1);  f.print(',');
  f.print(d.bateria_pct);      f.print(',');
  f.print(d.protocolo_activo); f.print(',');
  f.print(d.muestras_ciclo);   f.print(',');
  f.print(d.error_flags);      f.print(',');
  f.println(d.paquetes_perdidos);
  f.close();
}

// ======================================================================
// SUBIDA A GOOGLE DRIVE  (fuente: nube.cpp)
// ======================================================================


// *** DIAGNOSTICO: en false para probar si la SD es la causa de que las
// pantallas no se actualicen despues del arranque (los botones SI se
// detectan y el estado SI cambia internamente, pero el redibujado no
// llega a la TFT). Si con esto en false el menu ya responde bien a los
// botones, confirmamos que la SD (o su cableado) es la culpable. ***
#define SD_ACTIVA false

// -------- REDES WIFI (se prueban en este orden, la primera que conecte se usa) --------
// *** DIAGNOSTICO: en false mientras se confirma que el problema de
// vinculacion ESP-NOW era el cambio de canal al conectar a una red WiFi.
// Cuando el enlace con la Boya ya funcione de forma confiable, volver a
// poner esto en true para recuperar la subida a la nube. ***
#define WIFI_NUBE_ACTIVA false
static const char* WIFI_SSID_1     = "UNILIBRE";
static const char* WIFI_PASSWORD_1 = "";                  // red abierta, sin clave
static const char* WIFI_SSID_2     = "PANCHA";
static const char* WIFI_PASSWORD_2 = "1012352195";
static const char* WIFI_SSID_3     = "ING Jair Montilla";
static const char* WIFI_PASSWORD_3 = "teamosamuel";
// Pega aqui la URL que te da Google al publicar el Apps Script
// (termina en /exec). Ver AppsScript_GoogleDrive.gs y el README.
static const char* URL_APPS_SCRIPT = "https://script.google.com/macros/s/TU_ID_DE_DESPLIEGUE/exec";
// ------------------------------------------

WiFiMulti wifiMulti;
static bool wifiIntentado = false;

void nube_iniciar() {
#if WIFI_NUBE_ACTIVA
  wifiMulti.addAP(WIFI_SSID_1, WIFI_PASSWORD_1);
  wifiMulti.addAP(WIFI_SSID_2, WIFI_PASSWORD_2);
  wifiMulti.addAP(WIFI_SSID_3, WIFI_PASSWORD_3);
  wifiMulti.run();     // arranca el intento; no bloquea (retorna el estado actual)
#else
  Serial.println("WIFI_NUBE_ACTIVA=false -- no se intenta conectar a ninguna red "
                  "(para no cambiar de canal y romper el enlace ESP-NOW con la Boya)");
#endif
  wifiIntentado = true;
  // No bloqueamos con delay(): el estado se revisa en nube_conectada()
}

bool nube_conectada() {
#if !WIFI_NUBE_ACTIVA
  return false;
#endif
  return wifiMulti.run() == WL_CONNECTED;   // wifiMulti.run() reintenta solo si se cayo
}

bool nube_subir(const DatosBoya_t& d) {
#if !WIFI_NUBE_ACTIVA
  return false;
#endif
  if (!wifiIntentado) nube_iniciar();
  if (wifiMulti.run() != WL_CONNECTED) return false;   // no bloquear el resto del sistema

  WiFiClientSecure client;
  // Google Apps Script usa certificados que rotan; validar la cadena
  // completa desde un ESP32 es engorroso y fragil. Por eso, igual que
  // en la mayoria de proyectos IoT con Apps Script, se omite la
  // verificacion del certificado. Es un compromiso aceptado en estos
  // proyectos porque el dato viajando (calidad de agua) no es sensible
  // como para justificar la complejidad de validar el certificado.
  client.setInsecure();

  HTTPClient http;
  http.begin(client, URL_APPS_SCRIPT);
  http.addHeader("Content-Type", "application/json");
  // Los Apps Script responden con una redireccion 302 antes de llegar
  // al contenido real: hay que decirle a HTTPClient que la siga.
  http.setFollowRedirects(HTTPC_STRICT_FOLLOW_REDIRECTS);

  String json = "{";
  json += "\"timestamp\":" + String(d.timestamp) + ",";
  json += "\"lat\":" + String(d.latitud, 6) + ",";
  json += "\"lon\":" + String(d.longitud, 6) + ",";
  json += "\"profundidad_cm\":" + String(d.profundidad_cm, 1) + ",";
  json += "\"ph\":" + String(d.ph, 2) + ",";
  json += "\"conductividad_us\":" + String(d.conductividad_us, 1) + ",";
  json += "\"od_mgL\":" + String(d.oxigeno_disuelto, 2) + ",";
  json += "\"turbidez_ntu\":" + String(d.turbidez_ntu, 1) + ",";
  json += "\"temp_c\":" + String(d.temperatura_c, 1) + ",";
  json += "\"bateria_pct\":" + String(d.bateria_pct) + ",";
  json += "\"protocolo\":" + String(d.protocolo_activo) + ",";
  json += "\"error_flags\":" + String(d.error_flags);
  json += "}";

  int codigo = http.POST(json);
  Serial.print("Google Apps Script respondio codigo: ");
  Serial.println(codigo);
  http.end();

  // Apps Script normalmente responde 200 (o 302 ya resuelto por la libreria)
  return (codigo >= 200 && codigo < 300);
}

// ======================================================================
// MODO PRUEBA - datos simulados (no toca nada del bloque ESP-NOW)
// ======================================================================
// Genera una telemetria de ejemplo con valores que varian suavemente en
// el tiempo, solo para poder ver y navegar las pantallas sin depender de
// que la Boya este encendida o configurada.
DatosBoya_t generarDatoPrueba() {
  DatosBoya_t d = {};
  float t = millis() / 1000.0f;

  // Ruido aleatorio (no solo seno) para que se vea mas "vivo" en pantalla.
  float ruidoPh    = ((float)random(-15, 16)) / 100.0f;   // +-0.15
  float ruidoCond  = (float)random(-8, 9);                // +-8
  float ruidoOd    = ((float)random(-20, 21)) / 100.0f;   // +-0.20
  float ruidoTurb  = ((float)random(-30, 31)) / 100.0f;   // +-0.30
  float ruidoTemp  = ((float)random(-25, 26)) / 100.0f;   // +-0.25
  float ruidoCol   = (float)random(-3, 4);
  float ruidoCal   = ((float)random(-50, 51)) / 100.0f;

  d.timestamp          = millis() / 1000;
  d.latitud            = 0.0f;
  d.longitud           = 0.0f;
  d.profundidad_cm     = 60.0f + 10.0f * sin(t / 5.0f) + ruidoCol;
  d.ph                 = 7.2f  + 0.3f  * sin(t / 7.0f) + ruidoPh;
  d.conductividad_us   = 350.0f + 20.0f * sin(t / 9.0f) + ruidoCond;
  d.oxigeno_disuelto   = 6.5f  + 0.5f  * sin(t / 6.0f) + ruidoOd;
  d.turbidez_ntu       = max(0.0f, 4.0f + 1.0f * sin(t / 4.0f) + ruidoTurb);
  d.temperatura_c      = 24.0f + 1.5f * sin(t / 8.0f) + ruidoTemp;
  d.bateria_pct        = 85;
  d.protocolo_activo   = PROTOCOLO_P1_AUTOMATICO;
  d.muestras_ciclo     = 1;
  // Cada ~30 s simula una alerta durante 4 s, solo para poder probar el
  // buzzer y la barra roja de alerta sin necesidad de la Boya encendida.
  d.error_flags        = (((unsigned long)t) % 30 < 4) ? 0x01 : 0;
  d.paquetes_perdidos  = 0;
  d.columna_total_cm   = 95.0f + 5.0f * sin(t / 6.0f) + ruidoCol;
  d.calado_boya_cm     = 12.0f + 2.0f * sin(t / 5.0f) + ruidoCal;
  d.pos_carro_cm       = d.profundidad_cm;
  d.estado_dispositivos = BIT_ASCENSOR_OK | BIT_BOMBA_PURGA_OK | BIT_BOMBA_MUESTREO_OK |
                           BIT_SENSOR_PH_OK | BIT_SENSOR_COND_OK | BIT_SENSOR_TURBIDEZ_OK |
                           BIT_SENSOR_TEMP_OK | BIT_US1_OK | BIT_US2_OK | BIT_US3_OK;

  // GPS simulado: avanza con pasos aleatorios (mismo criterio que el
  // simulador del Nodo Boya), para ver el trazado del lecho moverse.
  static float avanceSimulado = 0.0f;
  static unsigned long ultimoPasoGps = 0;
  if (millis() - ultimoPasoGps > 500) {
    ultimoPasoGps = millis();
    avanceSimulado += ((float)random(-20, 51)) / 100.0f;
    if (avanceSimulado < 0) avanceSimulado = 0;
  }
  d.gps_avance_m = avanceSimulado;

  // Ciclo simulado de fases (~4 s cada una), para probar los simbolos de
  // actuador activo en el plano cartesiano sin la Boya real conectada.
  uint8_t faseSimulada = (uint8_t)(((unsigned long)(t / 4.0f)) % 8);
  d.estado_fsm = faseSimulada;

  return d;
}

// ======================================================================
// PROGRAMA PRINCIPAL (setup/loop, menu)  (fuente: NodoTierra.ino)
// ======================================================================



// ---------------- Estados de la interfaz ----------------
// Secuencia obligatoria antes de poder elegir protocolo: primero se
// vincula con el Nodo 2 (Boya), luego se revisan los estados de sus
// sensores/actuadores, luego se ve la profundidad del cuerpo de agua en
// barras en vivo, y solo despues se habilita el menu de protocolos.
enum EstadoUI { UI_VINCULANDO, UI_ESTADOS, UI_BARRAS, UI_MENU, UI_CONFIG_P2, UI_ESTADO, UI_PLANO };
static EstadoUI estadoActual = UI_VINCULANDO;

// ---------------- Seleccion de protocolo (menu) ----------------
static uint8_t seleccionMenu = 0;   // 0=P1, 1=P2, 2=P3

// ---------------- Configuracion editable de P2 ----------------
static uint8_t  campoConfig = 0;          // 0=num_puntos, 1-5=cada punto, 6=muestras
static uint8_t  p2_numPuntos = 1;
static uint16_t p2_profundidades[5] = {60, 60, 60, 60, 60};  // cm, 0.6h por defecto (IDEAM)
static uint8_t  p2_muestras = 1;

// ---------------- Ultimo dato conocido de la Boya ----------------
static DatosBoya_t ultimoDato = {};
static bool hayDatoValido = false;

// ---------------- Temporizador de subida a la nube ----------------
static unsigned long ultimaSubidaNube = 0;
static const unsigned long INTERVALO_NUBE_MS = 60UL * 60UL * 1000UL; // 1 hora

void setup() {
  Serial.begin(115200);
  delay(200);
  randomSeed(analogRead(34) + millis());   // semilla real para el Modo Prueba
  Serial.println("========================================");
  Serial.println("NODO 1 -- TIERRA -- version v16 (2026-08-30)");
  Serial.println("con: plano cartesiano (lecho del rio), simbolos de");
  Serial.println("     actuador activo, Modo Prueba mas aleatorio");
  Serial.println("========================================");

  botones_iniciar();
  buzzer_iniciar();

  // Mantener OK presionado durante el encendido/reinicio para entrar
  // en Modo Prueba (telemetria simulada, sin depender de la Boya).
  delay(50);
  if (digitalRead(BTN_OK) == LOW) {
    g_modoPrueba = true;
    Serial.println("MODO PRUEBA activado (OK mantenido al encender)");
  }

  buzzer_melodia_encendido();
  pantalla_iniciar();
  pantalla_splash();

  // *** CAMBIO: el menu se muestra YA, antes de tocar SD/ESP-NOW/WiFi ***
  // Ya confirmamos (con las pruebas de relleno de color) que TODO lo
  // dibujado aqui, antes de almacenamiento_iniciar()/espnow_iniciar(),
  // SI llega correctamente a la pantalla fisica. El problema real esta
  // en los redibujados posteriores desde loop(). Mientras se investiga
  // la causa de fondo (posible interferencia de la SD o del radio
  // ESP-NOW en el bus SPI compartido), esto desbloquea el uso del menu
  // de inmediato: ya no se necesita esperar a que la Boya conecte.
  estadoActual = UI_MENU;
  pantalla_menu_protocolo(seleccionMenu);
  Serial.println("Menu de protocolos mostrado (ya no se espera a la Boya para verlo)");

  Serial.println("Iniciando microSD...");
#if SD_ACTIVA
  bool sdOk = almacenamiento_iniciar();
  if (!sdOk) Serial.println("AVISO: no se detecto microSD (revisar CS=GPIO4 y bus SPI, y que la tarjeta este formateada en FAT32)");
  else Serial.println("microSD OK");
#else
  bool sdOk = false;
  Serial.println("SD_ACTIVA=false -- se omite por completo (ni SD.begin() se llama), para "
                  "probar si la SD es la causa de que las pantallas no se actualicen");
#endif

  Serial.println("Iniciando ESP-NOW...");
  espnow_iniciar();
  Serial.println("ESP-NOW OK");

  Serial.println("Iniciando WiFi/nube...");
  nube_iniciar();   // no bloqueante; se reintenta sola en segundo plano
  Serial.println("Setup completo.");
}

void loop() {
  static uint16_t g_ultimoErrorFlags = 0;

  // ---------- 0) DIAGNOSTICO: cualquier paquete crudo recibido ----------
  // Se imprime pase o no el chequeo de tamano, para saber si el problema
  // es que no llega NADA, o que llega algo con el tamano equivocado.
  if (huboRecepcionCruda) {
    huboRecepcionCruda = false;
    Serial.printf("[ESP-NOW RX] llego un paquete de %d bytes (se esperan %d)\n",
                  ultimoLenCrudo, (int)sizeof(DatosBoya_t));
  }

  // ---------- 1) Procesar telemetria entrante de la Boya ----------
  bool llegoDatoNuevo = false;
  if (espnow_hay_datos_nuevos()) {
    ultimoDato = espnow_obtener_ultimo_dato();
    llegoDatoNuevo = true;
  }

  // ---------- 1b) Modo prueba: telemetria simulada (rama independiente) ----------
  static unsigned long ultimaSimulacion = 0;
  if (g_modoPrueba && millis() - ultimaSimulacion > 2000) {
    ultimoDato = generarDatoPrueba();
    ultimaSimulacion = millis();
    llegoDatoNuevo = true;
  }

  if (llegoDatoNuevo) {
    bool esPrimerDato = !hayDatoValido;
    hayDatoValido = true;
    almacenamiento_guardar(ultimoDato);
    if (ultimoDato.error_flags != 0 && g_ultimoErrorFlags == 0) {
      buzzer_melodia_alerta();
    }
    g_ultimoErrorFlags = ultimoDato.error_flags;

    // Primer paquete recibido (real o simulado) -> el Nodo 2 ya esta
    // vinculado. Antes esto dependia de estar en la pantalla UI_VINCULANDO,
    // pero desde que el menu aparece de inmediato al encender, esa pantalla
    // casi nunca se visita -- por eso el buzzer nunca sonaba. Ahora suena
    // sin importar en que pantalla este el usuario.
    if (esPrimerDato) {
      Serial.println("[UI] Primer dato real recibido de la Boya -- enlace confirmado");
      buzzer_melodia_vinculado();
      if (estadoActual == UI_VINCULANDO) {
        estadoActual = UI_ESTADOS;
      }
    }

    if (estadoActual == UI_ESTADO) {
      pantalla_estado(ultimoDato, espnow_enlace_activo() || g_modoPrueba, almacenamiento_ok());
    } else if (estadoActual == UI_ESTADOS) {
      pantalla_estados_dispositivos(ultimoDato);
    } else if (estadoActual == UI_BARRAS) {
      pantalla_barras(ultimoDato);
    } else if (estadoActual == UI_PLANO) {
      pantalla_plano_cartesiano(ultimoDato);
    }
  }

  // ---------- 1c) Animacion de puntos suspensivos mientras falten datos ----------
  // Deteccion de perdida de enlace (transicion conectado -> no conectado):
  // solo aplica una vez que ya hubo vinculacion real (no en el arranque).
  static bool g_enlaceEstabaActivo = false;
  if (hayDatoValido) {
    bool enlaceAhora = espnow_enlace_activo() || g_modoPrueba;
    if (g_enlaceEstabaActivo && !enlaceAhora) {
      buzzer_melodia_sin_conexion();
    }
    g_enlaceEstabaActivo = enlaceAhora;
  }
  // Redibuja periodicamente SOLO si hay algo que animar, para no gastar
  // tiempo de CPU redibujando pantallas que ya estan completas y quietas.
  static unsigned long ultimoTickAnimacion = 0;
  if (millis() - ultimoTickAnimacion > 300) {
    ultimoTickAnimacion = millis();
    if (estadoActual == UI_VINCULANDO) {
      pantalla_vinculando();
    } else if (estadoActual == UI_ESTADO && hayDatoValido) {
      uint16_t sensoresEsperados = BIT_SENSOR_PH_OK | BIT_SENSOR_COND_OK |
                                    BIT_SENSOR_TURBIDEZ_OK | BIT_SENSOR_TEMP_OK;
      bool faltaAlguno = (ultimoDato.estado_dispositivos & sensoresEsperados) != sensoresEsperados;
      if (faltaAlguno) {
        pantalla_estado(ultimoDato, espnow_enlace_activo() || g_modoPrueba, almacenamiento_ok());
      }
    }
  }

  // ---------- 2) Subida periodica a la nube (no bloqueante) ----------
  if (hayDatoValido && millis() - ultimaSubidaNube > INTERVALO_NUBE_MS) {
    if (nube_subir(ultimoDato)) {
      Serial.println("Subida a la nube OK");
    } else {
      Serial.println("Subida a la nube fallo (se reintenta en el proximo ciclo)");
    }
    ultimaSubidaNube = millis();
  }

  // ---------- 3) Leer botones y actualizar la maquina de estados ----------
  Boton b = botones_leer();
  if (b == BOTON_NINGUNO) return;
  buzzer_clic();

  switch (estadoActual) {

    case UI_VINCULANDO:
      // BACK = atajo manual para banco de pruebas sin la Boya encendida
      if (b == BOTON_ATRAS) {
        estadoActual = UI_MENU;
        pantalla_menu_protocolo(seleccionMenu);
      }
      break;

    case UI_ESTADOS:
      if (b == BOTON_OK || b == BOTON_ATRAS) {
        estadoActual = UI_BARRAS;
        pantalla_barras(hayDatoValido ? ultimoDato : DatosBoya_t{});
      }
      break;

    case UI_BARRAS:
      // Solo se puede pasar al menu de protocolos si ya se tiene una
      // lectura de la profundidad del cuerpo de agua (columna_total_cm).
      if (b == BOTON_OK) {
        if (hayDatoValido && ultimoDato.columna_total_cm > 0.0f) {
          estadoActual = UI_MENU;
          pantalla_menu_protocolo(seleccionMenu);
        } else {
          pantalla_mensaje("Esperando medicion", "de profundidad...");
          delay(1000);
          pantalla_barras(hayDatoValido ? ultimoDato : DatosBoya_t{});
        }
      }
      if (b == BOTON_ATRAS) {
        estadoActual = UI_ESTADOS;
        pantalla_estados_dispositivos(hayDatoValido ? ultimoDato : DatosBoya_t{});
      }
      break;

    case UI_MENU:
      if (b == BOTON_ARRIBA) seleccionMenu = (seleccionMenu == 0) ? 2 : seleccionMenu - 1;
      if (b == BOTON_ABAJO)  seleccionMenu = (seleccionMenu == 2) ? 0 : seleccionMenu + 1;
      // ---- DIAGNOSTICO TEMPORAL: quitar cuando ya funcione ----
      Serial.printf("[MENU] seleccionMenu=%d (0=P1,1=P2,2=P3)\n", seleccionMenu);
      if (b == BOTON_OK) {
        if (seleccionMenu == 1) {           // P2 -> ir a configuracion
          campoConfig = 0;
          estadoActual = UI_CONFIG_P2;
          pantalla_config_p2(campoConfig, p2_numPuntos, p2_profundidades, p2_muestras);
          return;
        } else {                            // P1 o P3 -> enviar directo, sin configuracion
          ComandoTierra_t cmd = {};
          cmd.comando = 1;
          cmd.protocolo_nuevo = (seleccionMenu == 0) ? PROTOCOLO_P1_AUTOMATICO : PROTOCOLO_P3_REACTIVO;
          bool enviado = espnow_enviar_comando(cmd);
          pantalla_mensaje(enviado ? "Protocolo enviado" : "Error al enviar",
                            enviado ? "a la Boya" : "revisar enlace ESP-NOW");
          delay(1200);
          estadoActual = UI_ESTADO;
          pantalla_estado(ultimoDato, espnow_enlace_activo(), almacenamiento_ok());
          return;
        }
      }
      if (b == BOTON_ATRAS) {               // atajo: ver ultimo estado conocido
        estadoActual = UI_ESTADO;
        pantalla_estado(ultimoDato, espnow_enlace_activo(), almacenamiento_ok());
        return;
      }
      pantalla_menu_protocolo(seleccionMenu);
      break;

    case UI_CONFIG_P2:
      if (b == BOTON_ATRAS) {               // cancelar, no se envia nada
        estadoActual = UI_MENU;
        pantalla_menu_protocolo(seleccionMenu);
        return;
      }
      if (b == BOTON_ARRIBA || b == BOTON_ABAJO) {
        int delta = (b == BOTON_ARRIBA) ? 1 : -1;
        if (campoConfig == 0) {
          p2_numPuntos = constrain((int)p2_numPuntos + delta, 1, 5);
        } else if (campoConfig >= 1 && campoConfig <= 5) {
          uint8_t idx = campoConfig - 1;
          // Rango 0-120 cm en pasos de 5, alineado al recorrido fisico del Ascensor
          int nuevo = (int)p2_profundidades[idx] + delta * 5;
          p2_profundidades[idx] = constrain(nuevo, 0, 120);
        } else if (campoConfig == 6) {
          p2_muestras = constrain((int)p2_muestras + delta, 1, 5);
        }
      }
      if (b == BOTON_OK) {
        if (campoConfig < p2_numPuntos) {
          campoConfig++;                    // pasar al siguiente punto de profundidad
        } else if (campoConfig < 6) {
          campoConfig = 6;                  // saltar directo a "muestras por ciclo"
        } else {
          // ultimo campo confirmado -> armar y enviar el comando completo
          ComandoTierra_t cmd = {};
          cmd.comando = 1;
          cmd.protocolo_nuevo = PROTOCOLO_P2_CONFIGURABLE;
          cmd.num_puntos_prof = p2_numPuntos;
          for (uint8_t i = 0; i < p2_numPuntos; i++) cmd.profundidades_cm[i] = p2_profundidades[i];
          cmd.muestras_por_ciclo = p2_muestras;

          bool enviado = espnow_enviar_comando(cmd);
          pantalla_mensaje(enviado ? "Config. P2 enviada" : "Error al enviar",
                            enviado ? "a la Boya" : "revisar enlace ESP-NOW");
          delay(1200);
          estadoActual = UI_ESTADO;
          pantalla_estado(ultimoDato, espnow_enlace_activo(), almacenamiento_ok());
          return;
        }
      }
      pantalla_config_p2(campoConfig, p2_numPuntos, p2_profundidades, p2_muestras);
      break;

    case UI_ESTADO:
      if (b == BOTON_ATRAS) {
        estadoActual = UI_MENU;
        pantalla_menu_protocolo(seleccionMenu);
        return;
      }
      if (b == BOTON_OK) {
        estadoActual = UI_PLANO;
        pantalla_plano_cartesiano(hayDatoValido ? ultimoDato : DatosBoya_t{});
        return;
      }
      // UP/DOWN en esta pantalla no hacen nada por ahora (reservado a futuro,
      // por ejemplo para desplazarse entre varias lecturas historicas)
      break;

    case UI_PLANO:
      if (b == BOTON_ATRAS) {
        estadoActual = UI_MENU;
        pantalla_menu_protocolo(seleccionMenu);
        return;
      }
      if (b == BOTON_OK) {
        estadoActual = UI_ESTADO;
        pantalla_estado(ultimoDato, espnow_enlace_activo() || g_modoPrueba, almacenamiento_ok());
        return;
      }
      break;
  }
}

